date,count,Year,Month,Week,Day,Day of Week,Day of Year
1/6/13,8722,2013,6,22,1,5,152
2/6/13,15971,2013,6,22,2,6,153
3/6/13,7598,2013,6,23,3,0,154
4/6/13,15782,2013,6,23,4,1,155
5/6/13,15690,2013,6,23,5,2,156
6/6/13,12420,2013,6,23,6,3,157
7/6/13,1226,2013,6,23,7,4,158
8/6/13,18007,2013,6,23,8,5,159
9/6/13,21034,2013,6,23,9,6,160
10/6/13,3897,2013,6,24,10,0,161
11/6/13,12596,2013,6,24,11,1,162
12/6/13,16795,2013,6,24,12,2,163
13/6/13,8016,2013,6,24,13,3,164
14/6/13,14942,2013,6,24,14,4,165
15/6/13,25178,2013,6,24,15,5,166
16/6/13,21966,2013,6,24,16,6,167
17/6/13,19659,2013,6,25,17,0,168
18/6/13,13724,2013,6,25,18,1,169
19/6/13,24142,2013,6,25,19,2,170
20/6/13,26603,2013,6,25,20,3,171
21/6/13,27997,2013,6,25,21,4,172
22/6/13,29281,2013,6,25,22,5,173
23/6/13,28065,2013,6,25,23,6,174
24/6/13,24251,2013,6,26,24,0,175
25/6/13,27827,2013,6,26,25,1,176
26/6/13,29499,2013,6,26,26,2,177
27/6/13,24334,2013,6,26,27,3,178
28/6/13,27818,2013,6,26,28,4,179
29/6/13,29753,2013,6,26,29,5,180
30/6/13,24909,2013,6,26,30,6,181
1/7/13,16651,2013,7,27,1,0,182
2/7/13,22745,2013,7,27,2,1,183
3/7/13,21864,2013,7,27,3,2,184
4/7/13,22326,2013,7,27,4,3,185
5/7/13,21842,2013,7,27,5,4,186
6/7/13,20467,2013,7,27,6,5,187
7/7/13,20477,2013,7,27,7,6,188
8/7/13,21615,2013,7,28,8,0,189
9/7/13,26641,2013,7,28,9,1,190
10/7/13,25732,2013,7,28,10,2,191
11/7/13,24417,2013,7,28,11,3,192
12/7/13,19006,2013,7,28,12,4,193
13/7/13,26119,2013,7,28,13,5,194
14/7/13,29287,2013,7,28,14,6,195
15/7/13,28069,2013,7,29,15,0,196
16/7/13,29842,2013,7,29,16,1,197
17/7/13,30550,2013,7,29,17,2,198
18/7/13,28869,2013,7,29,18,3,199
19/7/13,26591,2013,7,29,19,4,200
20/7/13,25278,2013,7,29,20,5,201
21/7/13,30297,2013,7,29,21,6,202
22/7/13,25979,2013,7,30,22,0,203
23/7/13,32376,2013,7,30,23,1,204
24/7/13,35271,2013,7,30,24,2,205
25/7/13,31084,2013,7,30,25,3,206
26/7/13,34534,2013,7,30,26,4,207
27/7/13,32470,2013,7,30,27,5,208
28/7/13,23508,2013,7,30,28,6,209
29/7/13,34915,2013,7,31,29,0,210
30/7/13,37334,2013,7,31,30,1,211
31/7/13,37261,2013,7,31,31,2,212
1/8/13,20138,2013,8,31,1,3,213
2/8/13,35792,2013,8,31,2,4,214
3/8/13,29540,2013,8,31,3,5,215
4/8/13,35253,2013,8,31,4,6,216
5/8/13,36776,2013,8,32,5,0,217
6/8/13,37702,2013,8,32,6,1,218
7/8/13,34396,2013,8,32,7,2,219
8/8/13,28366,2013,8,32,8,3,220
9/8/13,29017,2013,8,32,9,4,221
10/8/13,37201,2013,8,32,10,5,222
11/8/13,33060,2013,8,32,11,6,223
12/8/13,31457,2013,8,33,12,0,224
13/8/13,22437,2013,8,33,13,1,225
14/8/13,38150,2013,8,33,14,2,226
15/8/13,37386,2013,8,33,15,3,227
16/8/13,35991,2013,8,33,16,4,228
17/8/13,37285,2013,8,33,17,5,229
18/8/13,27612,2013,8,33,18,6,230
19/8/13,33127,2013,8,34,19,0,231
20/8/13,35843,2013,8,34,20,1,232
21/8/13,36315,2013,8,34,21,2,233
22/8/13,26629,2013,8,34,22,3,234
23/8/13,33503,2013,8,34,23,4,235
24/8/13,32941,2013,8,34,24,5,236
25/8/13,31755,2013,8,34,25,6,237
26/8/13,29979,2013,8,35,26,0,238
27/8/13,34208,2013,8,35,27,1,239
28/8/13,28185,2013,8,35,28,2,240
29/8/13,34215,2013,8,35,29,3,241
30/8/13,32318,2013,8,35,30,4,242
31/8/13,25381,2013,8,35,31,5,243
1/9/13,25235,2013,9,35,1,6,244
2/9/13,21416,2013,9,36,2,0,245
3/9/13,32411,2013,9,36,3,1,246
4/9/13,36798,2013,9,36,4,2,247
5/9/13,35825,2013,9,36,5,3,248
6/9/13,35868,2013,9,36,6,4,249
7/9/13,34419,2013,9,36,7,5,250
8/9/13,33196,2013,9,36,8,6,251
9/9/13,35394,2013,9,37,9,0,252
10/9/13,36954,2013,9,37,10,1,253
11/9/13,35812,2013,9,37,11,2,254
12/9/13,31252,2013,9,37,12,3,255
13/9/13,36501,2013,9,37,13,4,256
14/9/13,31607,2013,9,37,14,5,257
15/9/13,31914,2013,9,37,15,6,258
16/9/13,31287,2013,9,38,16,0,259
17/9/13,38283,2013,9,38,17,1,260
18/9/13,37957,2013,9,38,18,2,261
19/9/13,39200,2013,9,38,19,3,262
20/9/13,39382,2013,9,38,20,4,263
21/9/13,31826,2013,9,38,21,5,264
22/9/13,29758,2013,9,38,22,6,265
23/9/13,35152,2013,9,39,23,0,266
24/9/13,38417,2013,9,39,24,1,267
25/9/13,38223,2013,9,39,25,2,268
26/9/13,38189,2013,9,39,26,3,269
27/9/13,37412,2013,9,39,27,4,270
28/9/13,34931,2013,9,39,28,5,271
29/9/13,32592,2013,9,39,29,6,272
30/9/13,37148,2013,9,40,30,0,273
1/10/13,40575,2013,10,40,1,1,274
2/10/13,41383,2013,10,40,2,2,275
3/10/13,40456,2013,10,40,3,3,276
4/10/13,40195,2013,10,40,4,4,277
5/10/13,34181,2013,10,40,5,5,278
6/10/13,26574,2013,10,40,6,6,279
7/10/13,25016,2013,10,41,7,0,280
8/10/13,38365,2013,10,41,8,1,281
9/10/13,36969,2013,10,41,9,2,282
10/10/13,31171,2013,10,41,10,3,283
11/10/13,33357,2013,10,41,11,4,284
12/10/13,32457,2013,10,41,12,5,285
13/10/13,28832,2013,10,41,13,6,286
14/10/13,33018,2013,10,42,14,0,287
15/10/13,37534,2013,10,42,15,1,288
16/10/13,36911,2013,10,42,16,2,289
17/10/13,36888,2013,10,42,17,3,290
18/10/13,38122,2013,10,42,18,4,291
19/10/13,29548,2013,10,42,19,5,292
20/10/13,29256,2013,10,42,20,6,293
21/10/13,35012,2013,10,43,21,0,294
22/10/13,36338,2013,10,43,22,1,295
23/10/13,32365,2013,10,43,23,2,296
24/10/13,32251,2013,10,43,24,3,297
25/10/13,30979,2013,10,43,25,4,298
26/10/13,24569,2013,10,43,26,5,299
27/10/13,23965,2013,10,43,27,6,300
28/10/13,31498,2013,10,44,28,0,301
29/10/13,33414,2013,10,44,29,1,302
30/10/13,35069,2013,10,44,30,2,303
31/10/13,31444,2013,10,44,31,3,304
1/11/13,30384,2013,11,44,1,4,305
2/11/13,31013,2013,11,44,2,5,306
3/11/13,20798,2013,11,44,3,6,307
4/11/13,27142,2013,11,45,4,0,308
5/11/13,31493,2013,11,45,5,1,309
6/11/13,34826,2013,11,45,6,2,310
7/11/13,25719,2013,11,45,7,3,311
8/11/13,28686,2013,11,45,8,4,312
9/11/13,21734,2013,11,45,9,5,313
10/11/13,19712,2013,11,45,10,6,314
11/11/13,27295,2013,11,46,11,0,315
12/11/13,19925,2013,11,46,12,1,316
13/11/13,23633,2013,11,46,13,2,317
14/11/13,27040,2013,11,46,14,3,318
15/11/13,29051,2013,11,46,15,4,319
16/11/13,25194,2013,11,46,16,5,320
17/11/13,17995,2013,11,46,17,6,321
18/11/13,30615,2013,11,47,18,0,322
19/11/13,27417,2013,11,47,19,1,323
20/11/13,26229,2013,11,47,20,2,324
21/11/13,28752,2013,11,47,21,3,325
22/11/13,25448,2013,11,47,22,4,326
23/11/13,18996,2013,11,47,23,5,327
24/11/13,9392,2013,11,47,24,6,328
25/11/13,19116,2013,11,48,25,0,329
26/11/13,14999,2013,11,48,26,1,330
27/11/13,7976,2013,11,48,27,2,331
28/11/13,5204,2013,11,48,28,3,332
29/11/13,10127,2013,11,48,29,4,333
30/11/13,9863,2013,11,48,30,5,334
1/12/13,13326,2013,12,48,1,6,335
2/12/13,24576,2013,12,49,2,0,336
3/12/13,27431,2013,12,49,3,1,337
4/12/13,28199,2013,12,49,4,2,338
5/12/13,26988,2013,12,49,5,3,339
6/12/13,10736,2013,12,49,6,4,340
7/12/13,15545,2013,12,49,7,5,341
8/12/13,10090,2013,12,49,8,6,342
9/12/13,14824,2013,12,50,9,0,343
10/12/13,12850,2013,12,50,10,1,344
11/12/13,18766,2013,12,50,11,2,345
12/12/13,17214,2013,12,50,12,3,346
13/12/13,17888,2013,12,50,13,4,347
14/12/13,3701,2013,12,50,14,5,348
15/12/13,7462,2013,12,50,15,6,349
16/12/13,15562,2013,12,51,16,0,350
17/12/13,7863,2013,12,51,17,1,351
18/12/13,14924,2013,12,51,18,2,352
19/12/13,18766,2013,12,51,19,3,353
20/12/13,22066,2013,12,51,20,4,354
21/12/13,17940,2013,12,51,21,5,355
22/12/13,15063,2013,12,51,22,6,356
23/12/13,6956,2013,12,52,23,0,357
24/12/13,11025,2013,12,52,24,1,358
25/12/13,3260,2013,12,52,25,2,359
26/12/13,9763,2013,12,52,26,3,360
27/12/13,11720,2013,12,52,27,4,361
28/12/13,12022,2013,12,52,28,5,362
29/12/13,3775,2013,12,52,29,6,363
30/12/13,13241,2013,12,1,30,0,364
31/12/13,10424,2013,12,1,31,1,365
1/1/14,6059,2014,1,1,1,2,1
2/1/14,8600,2014,1,1,2,3,2
3/1/14,1144,2014,1,1,3,4,3
4/1/14,2292,2014,1,1,4,5,4
5/1/14,2678,2014,1,1,5,6,5
6/1/14,9510,2014,1,2,6,0,6
7/1/14,6267,2014,1,2,7,1,7
8/1/14,9246,2014,1,2,8,2,8
9/1/14,13354,2014,1,2,9,3,9
10/1/14,9847,2014,1,2,10,4,10
11/1/14,7695,2014,1,2,11,5,11
12/1/14,12515,2014,1,2,12,6,12
13/1/14,20633,2014,1,3,13,0,13
14/1/14,9999,2014,1,3,14,1,14
15/1/14,21630,2014,1,3,15,2,15
16/1/14,19953,2014,1,3,16,3,16
17/1/14,20301,2014,1,3,17,4,17
18/1/14,9438,2014,1,3,18,5,18
19/1/14,9028,2014,1,3,19,6,19
20/1/14,13407,2014,1,4,20,0,20
21/1/14,3804,2014,1,4,21,1,21
22/1/14,2451,2014,1,4,22,2,22
23/1/14,5071,2014,1,4,23,3,23
24/1/14,6176,2014,1,4,24,4,24
25/1/14,4338,2014,1,4,25,5,25
26/1/14,4980,2014,1,4,26,6,26
27/1/14,13119,2014,1,5,27,0,27
28/1/14,10033,2014,1,5,28,1,28
29/1/14,10021,2014,1,5,29,2,29
30/1/14,12158,2014,1,5,30,3,30
31/1/14,14653,2014,1,5,31,4,31
1/2/14,12771,2014,2,5,1,5,32
2/2/14,13816,2014,2,5,2,6,33
3/2/14,2600,2014,2,6,3,0,34
4/2/14,8709,2014,2,6,4,1,35
5/2/14,2746,2014,2,6,5,2,36
6/2/14,7196,2014,2,6,6,3,37
7/2/14,8495,2014,2,6,7,4,38
8/2/14,5986,2014,2,6,8,5,39
9/2/14,4996,2014,2,6,9,6,40
10/2/14,6846,2014,2,7,10,0,41
11/2/14,8343,2014,2,7,11,1,42
12/2/14,8580,2014,2,7,12,2,43
13/2/14,876,2014,2,7,13,3,44
14/2/14,3609,2014,2,7,14,4,45
15/2/14,2261,2014,2,7,15,5,46
16/2/14,3003,2014,2,7,16,6,47
17/2/14,4854,2014,2,8,17,0,48
18/2/14,5140,2014,2,8,18,1,49
19/2/14,8506,2014,2,8,19,2,50
20/2/14,11792,2014,2,8,20,3,51
21/2/14,8680,2014,2,8,21,4,52
22/2/14,13044,2014,2,8,22,5,53
23/2/14,13324,2014,2,8,23,6,54
24/2/14,12922,2014,2,9,24,0,55
25/2/14,12830,2014,2,9,25,1,56
26/2/14,11188,2014,2,9,26,2,57
27/2/14,12036,2014,2,9,27,3,58
28/2/14,9587,2014,2,9,28,4,59
1/3/14,9202,2014,3,9,1,5,60
2/3/14,8195,2014,3,9,2,6,61
3/3/14,7708,2014,3,10,3,0,62
4/3/14,10398,2014,3,10,4,1,63
5/3/14,13801,2014,3,10,5,2,64
6/3/14,12773,2014,3,10,6,3,65
7/3/14,13304,2014,3,10,7,4,66
8/3/14,16350,2014,3,10,8,5,67
9/3/14,12262,2014,3,10,9,6,68
10/3/14,17231,2014,3,11,10,0,69
11/3/14,24356,2014,3,11,11,1,70
12/3/14,15101,2014,3,11,12,2,71
13/3/14,10979,2014,3,11,13,3,72
14/3/14,16299,2014,3,11,14,4,73
15/3/14,18053,2014,3,11,15,5,74
16/3/14,9851,2014,3,11,16,6,75
17/3/14,12503,2014,3,12,17,0,76
18/3/14,16679,2014,3,12,18,1,77
19/3/14,13341,2014,3,12,19,2,78
20/3/14,19695,2014,3,12,20,3,79
21/3/14,20718,2014,3,12,21,4,80
22/3/14,19880,2014,3,12,22,5,81
23/3/14,11740,2014,3,12,23,6,82
24/3/14,13598,2014,3,13,24,0,83
25/3/14,16037,2014,3,13,25,1,84
26/3/14,14500,2014,3,13,26,2,85
27/3/14,16666,2014,3,13,27,3,86
28/3/14,18425,2014,3,13,28,4,87
29/3/14,4480,2014,3,13,29,5,88
30/3/14,7907,2014,3,13,30,6,89
31/3/14,17085,2014,3,14,31,0,90
1/4/14,23908,2014,4,14,1,1,91
2/4/14,22515,2014,4,14,2,2,92
3/4/14,26321,2014,4,14,3,3,93
4/4/14,12566,2014,4,14,4,4,94
5/4/14,18655,2014,4,14,5,5,95
6/4/14,20750,2014,4,14,6,6,96
7/4/14,14677,2014,4,15,7,0,97
8/4/14,21884,2014,4,15,8,1,98
9/4/14,26931,2014,4,15,9,2,99
10/4/14,27463,2014,4,15,10,3,100
11/4/14,26798,2014,4,15,11,4,101
12/4/14,27108,2014,4,15,12,5,102
13/4/14,26871,2014,4,15,13,6,103
14/4/14,28832,2014,4,16,14,0,104
15/4/14,10523,2014,4,16,15,1,105
16/4/14,20082,2014,4,16,16,2,106
17/4/14,22282,2014,4,16,17,3,107
18/4/14,20770,2014,4,16,18,4,108
19/4/14,24369,2014,4,16,19,5,109
20/4/14,18464,2014,4,16,20,6,110
21/4/14,27124,2014,4,17,21,0,111
22/4/14,27259,2014,4,17,22,1,112
23/4/14,26949,2014,4,17,23,2,113
24/4/14,28107,2014,4,17,24,3,114
25/4/14,27919,2014,4,17,25,4,115
26/4/14,19899,2014,4,17,26,5,116
27/4/14,21926,2014,4,17,27,6,117
28/4/14,28557,2014,4,18,28,0,118
29/4/14,18404,2014,4,18,29,1,119
30/4/14,2867,2014,4,18,30,2,120
1/5/14,26762,2014,5,18,1,3,121
2/5/14,32377,2014,5,18,2,4,122
3/5/14,25501,2014,5,18,3,5,123
4/5/14,21277,2014,5,18,4,6,124
5/5/14,30288,2014,5,19,5,0,125
6/5/14,32233,2014,5,19,6,1,126
7/5/14,32882,2014,5,19,7,2,127
8/5/14,17619,2014,5,19,8,3,128
9/5/14,22641,2014,5,19,9,4,129
10/5/14,21832,2014,5,19,10,5,130
11/5/14,28326,2014,5,19,11,6,131
12/5/14,31644,2014,5,20,12,0,132
13/5/14,32847,2014,5,20,13,1,133
14/5/14,30044,2014,5,20,14,2,134
15/5/14,26057,2014,5,20,15,3,135
16/5/14,17784,2014,5,20,16,4,136
17/5/14,29912,2014,5,20,17,5,137
18/5/14,27436,2014,5,20,18,6,138
19/5/14,31692,2014,5,21,19,0,139
20/5/14,35567,2014,5,21,20,1,140
21/5/14,34420,2014,5,21,21,2,141
22/5/14,24535,2014,5,21,22,3,142
23/5/14,24484,2014,5,21,23,4,143
24/5/14,16798,2014,5,21,24,5,144
25/5/14,25637,2014,5,21,25,6,145
26/5/14,26930,2014,5,22,26,0,146
27/5/14,32936,2014,5,22,27,1,147
28/5/14,29690,2014,5,22,28,2,148
29/5/14,33889,2014,5,22,29,3,149
30/5/14,34343,2014,5,22,30,4,150
31/5/14,27734,2014,5,22,31,5,151
1/6/14,31333,2014,6,22,1,6,152
2/6/14,34519,2014,6,23,2,0,153
3/6/14,29501,2014,6,23,3,1,154
4/6/14,36068,2014,6,23,4,2,155
5/6/14,24619,2014,6,23,5,3,156
6/6/14,37719,2014,6,23,6,4,157
7/6/14,31204,2014,6,23,7,5,158
8/6/14,30162,2014,6,23,8,6,159
9/6/14,18611,2014,6,24,9,0,160
10/6/14,33435,2014,6,24,10,1,161
11/6/14,30548,2014,6,24,11,2,162
12/6/14,29084,2014,6,24,12,3,163
13/6/14,18308,2014,6,24,13,4,164
14/6/14,28417,2014,6,24,14,5,165
15/6/14,28382,2014,6,24,15,6,166
16/6/14,34932,2014,6,25,16,0,167
17/6/14,35097,2014,6,25,17,1,168
18/6/14,35531,2014,6,25,18,2,169
19/6/14,31724,2014,6,25,19,3,170
20/6/14,34405,2014,6,25,20,4,171
21/6/14,30288,2014,6,25,21,5,172
22/6/14,29417,2014,6,25,22,6,173
23/6/14,32580,2014,6,26,23,0,174
24/6/14,35897,2014,6,26,24,1,175
25/6/14,34340,2014,6,26,25,2,176
26/6/14,34846,2014,6,26,26,3,177
27/6/14,35823,2014,6,26,27,4,178
28/6/14,28507,2014,6,26,28,5,179
29/6/14,27986,2014,6,26,29,6,180
30/6/14,33597,2014,6,27,30,0,181
1/7/14,34854,2014,7,27,1,1,182
2/7/14,26582,2014,7,27,2,2,183
3/7/14,27587,2014,7,27,3,3,184
4/7/14,13612,2014,7,27,4,4,185
5/7/14,22913,2014,7,27,5,5,186
6/7/14,23822,2014,7,27,6,6,187
7/7/14,31863,2014,7,28,7,0,188
8/7/14,32713,2014,7,28,8,1,189
9/7/14,34426,2014,7,28,9,2,190
10/7/14,36288,2014,7,28,10,3,191
11/7/14,35000,2014,7,28,11,4,192
12/7/14,28718,2014,7,28,12,5,193
13/7/14,24869,2014,7,28,13,6,194
14/7/14,25825,2014,7,29,14,0,195
15/7/14,22963,2014,7,29,15,1,196
16/7/14,35391,2014,7,29,16,2,197
17/7/14,38619,2014,7,29,17,3,198
18/7/14,36105,2014,7,29,18,4,199
19/7/14,29291,2014,7,29,19,5,200
20/7/14,30296,2014,7,29,20,6,201
21/7/14,35670,2014,7,30,21,0,202
22/7/14,36886,2014,7,30,22,1,203
23/7/14,34173,2014,7,30,23,2,204
24/7/14,36693,2014,7,30,24,3,205
25/7/14,36384,2014,7,30,25,4,206
26/7/14,27179,2014,7,30,26,5,207
27/7/14,27004,2014,7,30,27,6,208
28/7/14,33189,2014,7,31,28,0,209
29/7/14,37092,2014,7,31,29,1,210
30/7/14,37377,2014,7,31,30,2,211
31/7/14,35458,2014,7,31,31,3,212
1/8/14,32654,2014,8,31,1,4,213
2/8/14,26784,2014,8,31,2,5,214
3/8/14,25276,2014,8,31,3,6,215
4/8/14,33822,2014,8,32,4,0,216
5/8/14,34392,2014,8,32,5,1,217
6/8/14,36336,2014,8,32,6,2,218
7/8/14,36362,2014,8,32,7,3,219
8/8/14,34073,2014,8,32,8,4,220
9/8/14,31636,2014,8,32,9,5,221
10/8/14,26749,2014,8,32,10,6,222
11/8/14,33664,2014,8,33,11,0,223
12/8/14,26261,2014,8,33,12,1,224
13/8/14,27977,2014,8,33,13,2,225
14/8/14,35154,2014,8,33,14,3,226
15/8/14,32480,2014,8,33,15,4,227
16/8/14,32017,2014,8,33,16,5,228
17/8/14,27417,2014,8,33,17,6,229
18/8/14,34339,2014,8,34,18,0,230
19/8/14,35367,2014,8,34,19,1,231
20/8/14,35532,2014,8,34,20,2,232
21/8/14,33804,2014,8,34,21,3,233
22/8/14,30406,2014,8,34,22,4,234
23/8/14,26429,2014,8,34,23,5,235
24/8/14,27493,2014,8,34,24,6,236
25/8/14,32892,2014,8,35,25,0,237
26/8/14,34519,2014,8,35,26,1,238
27/8/14,33721,2014,8,35,27,2,239
28/8/14,33927,2014,8,35,28,3,240
29/8/14,31264,2014,8,35,29,4,241
30/8/14,22689,2014,8,35,30,5,242
31/8/14,18053,2014,8,35,31,6,243
1/9/14,23575,2014,9,36,1,0,244
2/9/14,30507,2014,9,36,2,1,245
3/9/14,35535,2014,9,36,3,2,246
4/9/14,36496,2014,9,36,4,3,247
5/9/14,34831,2014,9,36,5,4,248
6/9/14,25833,2014,9,36,6,5,249
7/9/14,29721,2014,9,36,7,6,250
8/9/14,34335,2014,9,37,8,0,251
9/9/14,34518,2014,9,37,9,1,252
10/9/14,37653,2014,9,37,10,2,253
11/9/14,37081,2014,9,37,11,3,254
12/9/14,37204,2014,9,37,12,4,255
13/9/14,17293,2014,9,37,13,5,256
14/9/14,28688,2014,9,37,14,6,257
15/9/14,35045,2014,9,38,15,0,258
16/9/14,25633,2014,9,38,16,1,259
17/9/14,37453,2014,9,38,17,2,260
18/9/14,37381,2014,9,38,18,3,261
19/9/14,34713,2014,9,38,19,4,262
20/9/14,30011,2014,9,38,20,5,263
21/9/14,26080,2014,9,38,21,6,264
22/9/14,33239,2014,9,39,22,0,265
23/9/14,36347,2014,9,39,23,1,266
24/9/14,35481,2014,9,39,24,2,267
25/9/14,16650,2014,9,39,25,3,268
26/9/14,35116,2014,9,39,26,4,269
27/9/14,30193,2014,9,39,27,5,270
28/9/14,29021,2014,9,39,28,6,271
29/9/14,33161,2014,9,40,29,0,272
30/9/14,35093,2014,9,40,30,1,273
1/10/14,27942,2014,10,40,1,2,274
2/10/14,34492,2014,10,40,2,3,275
3/10/14,34944,2014,10,40,3,4,276
4/10/14,13354,2014,10,40,4,5,277
5/10/14,23456,2014,10,40,5,6,278
6/10/14,31742,2014,10,41,6,0,279
7/10/14,32892,2014,10,41,7,1,280
8/10/14,33607,2014,10,41,8,2,281
9/10/14,32203,2014,10,41,9,3,282
10/10/14,30887,2014,10,41,10,4,283
11/10/14,12965,2014,10,41,11,5,284
12/10/14,23394,2014,10,41,12,6,285
13/10/14,22752,2014,10,42,13,0,286
14/10/14,32614,2014,10,42,14,1,287
15/10/14,28743,2014,10,42,15,2,288
16/10/14,26754,2014,10,42,16,3,289
17/10/14,34132,2014,10,42,17,4,290
18/10/14,24978,2014,10,42,18,5,291
19/10/14,18840,2014,10,42,19,6,292
20/10/14,27914,2014,10,43,20,0,293
21/10/14,31330,2014,10,43,21,1,294
22/10/14,9169,2014,10,43,22,2,295
23/10/14,13371,2014,10,43,23,3,296
24/10/14,29837,2014,10,43,24,4,297
25/10/14,24952,2014,10,43,25,5,298
26/10/14,20768,2014,10,43,26,6,299
27/10/14,28806,2014,10,44,27,0,300
28/10/14,32956,2014,10,44,28,1,301
29/10/14,29999,2014,10,44,29,2,302
30/10/14,31133,2014,10,44,30,3,303
31/10/14,27785,2014,10,44,31,4,304
1/11/14,6002,2014,11,44,1,5,305
2/11/14,14100,2014,11,44,2,6,306
3/11/14,26757,2014,11,45,3,0,307
4/11/14,31174,2014,11,45,4,1,308
5/11/14,30539,2014,11,45,5,2,309
6/11/14,12283,2014,11,45,6,3,310
7/11/14,25355,2014,11,45,7,4,311
8/11/14,17443,2014,11,45,8,5,312
9/11/14,18207,2014,11,45,9,6,313
10/11/14,27655,2014,11,46,10,0,314
11/11/14,29358,2014,11,46,11,1,315
12/11/14,27807,2014,11,46,12,2,316
13/11/14,20652,2014,11,46,13,3,317
14/11/14,21082,2014,11,46,14,4,318
15/11/14,14057,2014,11,46,15,5,319
16/11/14,13272,2014,11,46,16,6,320
17/11/14,8116,2014,11,47,17,0,321
18/11/14,16691,2014,11,47,18,1,322
19/11/14,16694,2014,11,47,19,2,323
20/11/14,20611,2014,11,47,20,3,324
21/11/14,17806,2014,11,47,21,4,325
22/11/14,12682,2014,11,47,22,5,326
23/11/14,15669,2014,11,47,23,6,327
24/11/14,23031,2014,11,48,24,0,328
25/11/14,25580,2014,11,48,25,1,329
26/11/14,3675,2014,11,48,26,2,330
27/11/14,3945,2014,11,48,27,3,331
28/11/14,8378,2014,11,48,28,4,332
29/11/14,8183,2014,11,48,29,5,333
30/11/14,12384,2014,11,48,30,6,334
1/12/14,18519,2014,12,49,1,0,335
2/12/14,15367,2014,12,49,2,1,336
3/12/14,13472,2014,12,49,3,2,337
4/12/14,21335,2014,12,49,4,3,338
5/12/14,15818,2014,12,49,5,4,339
6/12/14,4047,2014,12,49,6,5,340
7/12/14,10510,2014,12,49,7,6,341
8/12/14,15557,2014,12,50,8,0,342
9/12/14,6713,2014,12,50,9,1,343
10/12/14,10399,2014,12,50,10,2,344
11/12/14,18141,2014,12,50,11,3,345
12/12/14,17892,2014,12,50,12,4,346
13/12/14,12549,2014,12,50,13,5,347
14/12/14,11941,2014,12,50,14,6,348
15/12/14,19382,2014,12,51,15,0,349
16/12/14,16816,2014,12,51,16,1,350
17/12/14,20346,2014,12,51,17,2,351
18/12/14,19051,2014,12,51,18,3,352
19/12/14,17200,2014,12,51,19,4,353
20/12/14,9582,2014,12,51,20,5,354
21/12/14,8747,2014,12,51,21,6,355
22/12/14,13560,2014,12,52,22,0,356
23/12/14,9422,2014,12,52,23,1,357
24/12/14,4285,2014,12,52,24,2,358
25/12/14,4890,2014,12,52,25,3,359
26/12/14,9895,2014,12,52,26,4,360
27/12/14,10247,2014,12,52,27,5,361
28/12/14,7902,2014,12,52,28,6,362
29/12/14,13549,2014,12,1,29,0,363
30/12/14,12196,2014,12,1,30,1,364
31/12/14,9739,2014,12,1,31,2,365
1/1/15,5317,2015,1,1,1,3,1
2/1/15,11304,2015,1,1,2,4,2
3/1/15,4478,2015,1,1,3,5,3
4/1/15,7849,2015,1,1,4,6,4
5/1/15,14506,2015,1,2,5,0,5
6/1/15,8739,2015,1,2,6,1,6
7/1/15,9646,2015,1,2,7,2,7
8/1/15,8779,2015,1,2,8,3,8
9/1/15,7930,2015,1,2,9,4,9
10/1/15,6109,2015,1,2,10,5,10
11/1/15,7467,2015,1,2,11,6,11
12/1/15,8645,2015,1,3,12,0,12
13/1/15,12797,2015,1,3,13,1,13
14/1/15,13086,2015,1,3,14,2,14
15/1/15,14075,2015,1,3,15,3,15
16/1/15,13843,2015,1,3,16,4,16
17/1/15,7491,2015,1,3,17,5,17
18/1/15,1795,2015,1,3,18,6,18
19/1/15,10710,2015,1,4,19,0,19
20/1/15,16129,2015,1,4,20,1,20
21/1/15,15234,2015,1,4,21,2,21
22/1/15,15864,2015,1,4,22,3,22
23/1/15,15737,2015,1,4,23,4,23
24/1/15,4814,2015,1,4,24,5,24
25/1/15,9379,2015,1,4,25,6,25
26/1/15,4141,2015,1,5,26,0,26
27/1/15,1214,2015,1,5,27,1,27
28/1/15,5401,2015,1,5,28,2,28
29/1/15,8870,2015,1,5,29,3,29
30/1/15,9015,2015,1,5,30,4,30
31/1/15,5188,2015,1,5,31,5,31
1/2/15,6441,2015,2,5,1,6,32
2/2/15,1459,2015,2,6,2,0,33
3/2/15,4754,2015,2,6,3,1,34
4/2/15,8973,2015,2,6,4,2,35
5/2/15,9208,2015,2,6,5,3,36
6/2/15,8575,2015,2,6,6,4,37
7/2/15,6790,2015,2,6,7,5,38
8/2/15,6662,2015,2,6,8,6,39
9/2/15,5160,2015,2,7,9,0,40
10/2/15,10328,2015,2,7,10,1,41
11/2/15,11439,2015,2,7,11,2,42
12/2/15,11269,2015,2,7,12,3,43
13/2/15,7642,2015,2,7,13,4,44
14/2/15,4614,2015,2,7,14,5,45
15/2/15,2581,2015,2,7,15,6,46
16/2/15,3998,2015,2,8,16,0,47
17/2/15,4784,2015,2,8,17,1,48
18/2/15,9170,2015,2,8,18,2,49
19/2/15,7799,2015,2,8,19,3,50
20/2/15,6159,2015,2,8,20,4,51
21/2/15,3157,2015,2,8,21,5,52
22/2/15,4274,2015,2,8,22,6,53
23/2/15,7458,2015,2,9,23,0,54
24/2/15,7402,2015,2,9,24,1,55
25/2/15,10751,2015,2,9,25,2,56
26/2/15,9901,2015,2,9,26,3,57
27/2/15,9864,2015,2,9,27,4,58
28/2/15,6318,2015,2,9,28,5,59
1/3/15,2879,2015,3,9,1,6,60
2/3/15,7283,2015,3,10,2,0,61
3/3/15,6533,2015,3,10,3,1,62
4/3/15,7514,2015,3,10,4,2,63
5/3/15,1637,2015,3,10,5,3,64
6/3/15,5162,2015,3,10,6,4,65
7/3/15,5590,2015,3,10,7,5,66
8/3/15,7898,2015,3,10,8,6,67
9/3/15,14878,2015,3,11,9,0,68
10/3/15,11781,2015,3,11,10,1,69
11/3/15,19561,2015,3,11,11,2,70
12/3/15,17530,2015,3,11,12,3,71
13/3/15,16145,2015,3,11,13,4,72
14/3/15,3906,2015,3,11,14,5,73
15/3/15,8838,2015,3,11,15,6,74
16/3/15,16787,2015,3,12,16,0,75
17/3/15,14857,2015,3,12,17,1,76
18/3/15,13842,2015,3,12,18,2,77
19/3/15,15446,2015,3,12,19,3,78
20/3/15,8052,2015,3,12,20,4,79
21/3/15,9338,2015,3,12,21,5,80
22/3/15,9676,2015,3,12,22,6,81
23/3/15,13538,2015,3,13,23,0,82
24/3/15,16166,2015,3,13,24,1,83
25/3/15,14670,2015,3,13,25,2,84
26/3/15,14954,2015,3,13,26,3,85
27/3/15,14107,2015,3,13,27,4,86
28/3/15,1107,2015,3,13,28,5,87
29/3/15,9826,2015,3,13,29,6,88
30/3/15,18075,2015,3,14,30,0,89
31/3/15,14250,2015,3,14,31,1,90
1/4/15,20146,2015,4,14,1,2,91
2/4/15,24227,2015,4,14,2,3,92
3/4/15,14774,2015,4,14,3,4,93
4/4/15,14355,2015,4,14,4,5,94
5/4/15,13799,2015,4,14,5,6,95
6/4/15,23391,2015,4,15,6,0,96
7/4/15,16262,2015,4,15,7,1,97
8/4/15,17872,2015,4,15,8,2,98
9/4/15,16546,2015,4,15,9,3,99
10/4/15,16317,2015,4,15,10,4,100
11/4/15,18643,2015,4,15,11,5,101
12/4/15,19954,2015,4,15,12,6,102
13/4/15,24925,2015,4,16,13,0,103
14/4/15,22703,2015,4,16,14,1,104
15/4/15,27594,2015,4,16,15,2,105
16/4/15,27180,2015,4,16,16,3,106
17/4/15,24175,2015,4,16,17,4,107
18/4/15,28174,2015,4,16,18,5,108
19/4/15,21475,2015,4,16,19,6,109
20/4/15,11202,2015,4,17,20,0,110
21/4/15,24868,2015,4,17,21,1,111
22/4/15,21997,2015,4,17,22,2,112
23/4/15,22074,2015,4,17,23,3,113
24/4/15,20981,2015,4,17,24,4,114
25/4/15,21082,2015,4,17,25,5,115
26/4/15,21594,2015,4,17,26,6,116
27/4/15,25501,2015,4,18,27,0,117
28/4/15,29795,2015,4,18,28,1,118
29/4/15,31532,2015,4,18,29,2,119
30/4/15,29252,2015,4,18,30,3,120
1/5/15,27924,2015,5,18,1,4,121
2/5/15,25743,2015,5,18,2,5,122
3/5/15,27694,2015,5,18,3,6,123
4/5/15,32066,2015,5,19,4,0,124
5/5/15,33012,2015,5,19,5,1,125
6/5/15,30313,2015,5,19,6,2,126
7/5/15,34871,2015,5,19,7,3,127
8/5/15,34304,2015,5,19,8,4,128
9/5/15,24329,2015,5,19,9,5,129
10/5/15,26573,2015,5,19,10,6,130
11/5/15,32382,2015,5,20,11,0,131
12/5/15,35225,2015,5,20,12,1,132
13/5/15,33402,2015,5,20,13,2,133
14/5/15,40826,2015,5,20,14,3,134
15/5/15,34945,2015,5,20,15,4,135
16/5/15,23882,2015,5,20,16,5,136
17/5/15,30969,2015,5,20,17,6,137
18/5/15,31559,2015,5,21,18,0,138
19/5/15,33895,2015,5,21,19,1,139
20/5/15,33823,2015,5,21,20,2,140
21/5/15,31214,2015,5,21,21,3,141
22/5/15,31891,2015,5,21,22,4,142
23/5/15,23910,2015,5,21,23,5,143
24/5/15,25151,2015,5,21,24,6,144
25/5/15,28164,2015,5,22,25,0,145
26/5/15,35786,2015,5,22,26,1,146
27/5/15,33710,2015,5,22,27,2,147
28/5/15,35934,2015,5,22,28,3,148
29/5/15,37756,2015,5,22,29,4,149
30/5/15,31147,2015,5,22,30,5,150
31/5/15,19586,2015,5,22,31,6,151
1/6/15,15283,2015,6,23,1,0,152
2/6/15,11984,2015,6,23,2,1,153
3/6/15,34590,2015,6,23,3,2,154
4/6/15,32772,2015,6,23,4,3,155
5/6/15,31294,2015,6,23,5,4,156
6/6/15,26334,2015,6,23,6,5,157
7/6/15,30773,2015,6,23,7,6,158
8/6/15,33585,2015,6,24,8,0,159
9/6/15,35412,2015,6,24,9,1,160
10/6/15,39350,2015,6,24,10,2,161
11/6/15,37400,2015,6,24,11,3,162
12/6/15,35136,2015,6,24,12,4,163
13/6/15,29980,2015,6,24,13,5,164
14/6/15,28184,2015,6,24,14,6,165
15/6/15,25087,2015,6,25,15,0,166
16/6/15,32147,2015,6,25,16,1,167
17/6/15,38030,2015,6,25,17,2,168
18/6/15,35464,2015,6,25,18,3,169
19/6/15,37380,2015,6,25,19,4,170
20/6/15,23580,2015,6,25,20,5,171
21/6/15,25926,2015,6,25,21,6,172
22/6/15,37677,2015,6,26,22,0,173
23/6/15,32294,2015,6,26,23,1,174
24/6/15,41070,2015,6,26,24,2,175
25/6/15,39673,2015,6,26,25,3,176
26/6/15,38614,2015,6,26,26,4,177
27/6/15,15485,2015,6,26,27,5,178
28/6/15,20591,2015,6,26,28,6,179
29/6/15,38037,2015,6,27,29,0,180
30/6/15,38087,2015,6,27,30,1,181
1/7/15,37539,2015,7,27,1,2,182
2/7/15,35559,2015,7,27,2,3,183
3/7/15,26928,2015,7,27,3,4,184
4/7/15,21706,2015,7,27,4,5,185
5/7/15,25920,2015,7,27,5,6,186
6/7/15,35251,2015,7,28,6,0,187
7/7/15,36837,2015,7,28,7,1,188
8/7/15,35047,2015,7,28,8,2,189
9/7/15,31978,2015,7,28,9,3,190
10/7/15,38559,2015,7,28,10,4,191
11/7/15,31719,2015,7,28,11,5,192
12/7/15,31037,2015,7,28,12,6,193
13/7/15,38485,2015,7,29,13,0,194
14/7/15,35802,2015,7,29,14,1,195
15/7/15,34979,2015,7,29,15,2,196
16/7/15,42356,2015,7,29,16,3,197
17/7/15,39595,2015,7,29,17,4,198
18/7/15,28870,2015,7,29,18,5,199
19/7/15,28531,2015,7,29,19,6,200
20/7/15,34889,2015,7,30,20,0,201
21/7/15,38499,2015,7,30,21,1,202
22/7/15,42557,2015,7,30,22,2,203
23/7/15,42175,2015,7,30,23,3,204
24/7/15,40330,2015,7,30,24,4,205
25/7/15,31639,2015,7,30,25,5,206
26/7/15,30543,2015,7,30,26,6,207
27/7/15,38747,2015,7,31,27,0,208
28/7/15,40434,2015,7,31,28,1,209
29/7/15,39428,2015,7,31,29,2,210
30/7/15,31166,2015,7,31,30,3,211
31/7/15,38571,2015,7,31,31,4,212
1/8/15,35179,2015,8,31,1,5,213
2/8/15,31622,2015,8,31,2,6,214
3/8/15,38888,2015,8,32,3,0,215
4/8/15,40783,2015,8,32,4,1,216
5/8/15,41075,2015,8,32,5,2,217
6/8/15,42283,2015,8,32,6,3,218
7/8/15,40999,2015,8,32,7,4,219
8/8/15,38723,2015,8,32,8,5,220
9/8/15,32716,2015,8,32,9,6,221
10/8/15,39870,2015,8,33,10,0,222
11/8/15,25066,2015,8,33,11,1,223
12/8/15,42994,2015,8,33,12,2,224
13/8/15,42170,2015,8,33,13,3,225
14/8/15,39983,2015,8,33,14,4,226
15/8/15,37821,2015,8,33,15,5,227
16/8/15,30344,2015,8,33,16,6,228
17/8/15,37449,2015,8,34,17,0,229
18/8/15,39916,2015,8,34,18,1,230
19/8/15,40726,2015,8,34,19,2,231
20/8/15,39280,2015,8,34,20,3,232
21/8/15,38038,2015,8,34,21,4,233
22/8/15,34277,2015,8,34,22,5,234
23/8/15,33071,2015,8,34,23,6,235
24/8/15,38943,2015,8,35,24,0,236
25/8/15,41655,2015,8,35,25,1,237
26/8/15,42832,2015,8,35,26,2,238
27/8/15,43173,2015,8,35,27,3,239
28/8/15,41755,2015,8,35,28,4,240
29/8/15,34381,2015,8,35,29,5,241
30/8/15,32913,2015,8,35,30,6,242
31/8/15,40119,2015,8,36,31,0,243
1/9/15,43291,2015,9,36,1,1,244
2/9/15,43225,2015,9,36,2,2,245
3/9/15,42879,2015,9,36,3,3,246
4/9/15,39956,2015,9,36,4,4,247
5/9/15,34005,2015,9,36,5,5,248
6/9/15,33199,2015,9,36,6,6,249
7/9/15,33682,2015,9,37,7,0,250
8/9/15,42766,2015,9,37,8,1,251
9/9/15,44005,2015,9,37,9,2,252
10/9/15,22253,2015,9,37,10,3,253
11/9/15,47613,2015,9,37,11,4,254
12/9/15,33661,2015,9,37,12,5,255
13/9/15,34794,2015,9,37,13,6,256
14/9/15,44668,2015,9,38,14,0,257
15/9/15,48729,2015,9,38,15,1,258
16/9/15,51179,2015,9,38,16,2,259
17/9/15,50705,2015,9,38,17,3,260
18/9/15,50285,2015,9,38,18,4,261
19/9/15,43011,2015,9,38,19,5,262
20/9/15,40462,2015,9,38,20,6,263
21/9/15,47447,2015,9,39,21,0,264
22/9/15,49250,2015,9,39,22,1,265
23/9/15,49045,2015,9,39,23,2,266
24/9/15,53370,2015,9,39,24,3,267
25/9/15,52041,2015,9,39,25,4,268
26/9/15,43565,2015,9,39,26,5,269
27/9/15,39136,2015,9,39,27,6,270
28/9/15,48725,2015,9,40,28,0,271
29/9/15,49415,2015,9,40,29,1,272
30/9/15,40005,2015,9,40,30,2,273
1/10/15,35247,2015,10,40,1,3,274
2/10/15,9628,2015,10,40,2,4,275
3/10/15,16832,2015,10,40,3,5,276
4/10/15,30857,2015,10,40,4,6,277
5/10/15,45288,2015,10,41,5,0,278
6/10/15,50539,2015,10,41,6,1,279
7/10/15,50915,2015,10,41,7,2,280
8/10/15,50945,2015,10,41,8,3,281
9/10/15,37825,2015,10,41,9,4,282
10/10/15,40134,2015,10,41,10,5,283
11/10/15,39648,2015,10,41,11,6,284
12/10/15,46332,2015,10,42,12,0,285
13/10/15,49790,2015,10,42,13,1,286
14/10/15,50737,2015,10,42,14,2,287
15/10/15,49549,2015,10,42,15,3,288
16/10/15,47180,2015,10,42,16,4,289
17/10/15,32317,2015,10,42,17,5,290
18/10/15,24354,2015,10,42,18,6,291
19/10/15,37150,2015,10,43,19,0,292
20/10/15,46058,2015,10,43,20,1,293
21/10/15,49891,2015,10,43,21,2,294
22/10/15,50312,2015,10,43,22,3,295
23/10/15,45347,2015,10,43,23,4,296
24/10/15,32214,2015,10,43,24,5,297
25/10/15,29792,2015,10,43,25,6,298
26/10/15,42851,2015,10,44,26,0,299
27/10/15,45199,2015,10,44,27,1,300
28/10/15,21094,2015,10,44,28,2,301
29/10/15,46050,2015,10,44,29,3,302
30/10/15,45196,2015,10,44,30,4,303
31/10/15,32270,2015,10,44,31,5,304
1/11/15,31112,2015,11,44,1,6,305
2/11/15,45228,2015,11,45,2,0,306
3/11/15,50030,2015,11,45,3,1,307
4/11/15,50186,2015,11,45,4,2,308
5/11/15,43674,2015,11,45,5,3,309
6/11/15,47875,2015,11,45,6,4,310
7/11/15,36124,2015,11,45,7,5,311
8/11/15,32839,2015,11,45,8,6,312
9/11/15,42841,2015,11,46,9,0,313
10/11/15,21948,2015,11,46,10,1,314
11/11/15,38249,2015,11,46,11,2,315
12/11/15,37881,2015,11,46,12,3,316
13/11/15,39527,2015,11,46,13,4,317
14/11/15,25667,2015,11,46,14,5,318
15/11/15,26391,2015,11,46,15,6,319
16/11/15,41634,2015,11,47,16,0,320
17/11/15,39533,2015,11,47,17,1,321
18/11/15,42096,2015,11,47,18,2,322
19/11/15,22264,2015,11,47,19,3,323
20/11/15,38830,2015,11,47,20,4,324
21/11/15,28445,2015,11,47,21,5,325
22/11/15,23691,2015,11,47,22,6,326
23/11/15,30619,2015,11,48,23,0,327
24/11/15,32701,2015,11,48,24,1,328
25/11/15,30762,2015,11,48,25,2,329
26/11/15,13513,2015,11,48,26,3,330
27/11/15,23214,2015,11,48,27,4,331
28/11/15,16086,2015,11,48,28,5,332
29/11/15,18695,2015,11,48,29,6,333
30/11/15,30703,2015,11,49,30,0,334
1/12/15,18692,2015,12,49,1,1,335
2/12/15,24118,2015,12,49,2,2,336
3/12/15,34399,2015,12,49,3,3,337
4/12/15,35265,2015,12,49,4,4,338
5/12/15,26740,2015,12,49,5,5,339
6/12/15,25271,2015,12,49,6,6,340
7/12/15,34640,2015,12,50,7,0,341
8/12/15,36105,2015,12,50,8,1,342
9/12/15,35797,2015,12,50,9,2,343
10/12/15,39624,2015,12,50,10,3,344
11/12/15,39556,2015,12,50,11,4,345
12/12/15,32388,2015,12,50,12,5,346
13/12/15,32427,2015,12,50,13,6,347
14/12/15,33002,2015,12,51,14,0,348
15/12/15,39211,2015,12,51,15,1,349
16/12/15,36172,2015,12,51,16,2,350
17/12/15,22320,2015,12,51,17,3,351
18/12/15,31177,2015,12,51,18,4,352
19/12/15,18038,2015,12,51,19,5,353
20/12/15,17269,2015,12,51,20,6,354
21/12/15,30270,2015,12,52,21,0,355
22/12/15,23324,2015,12,52,22,1,356
23/12/15,15069,2015,12,52,23,2,357
24/12/15,18725,2015,12,52,24,3,358
25/12/15,12538,2015,12,52,25,4,359
26/12/15,14117,2015,12,52,26,5,360
27/12/15,13402,2015,12,52,27,6,361
28/12/15,19175,2015,12,53,28,0,362
29/12/15,13560,2015,12,53,29,1,363
30/12/15,22852,2015,12,53,30,2,364
31/12/15,20720,2015,12,53,31,3,365
1/1/16,11172,2016,1,53,1,4,1
2/1/16,14794,2016,1,53,2,5,2
3/1/16,15775,2016,1,53,3,6,3
4/1/16,19879,2016,1,1,4,0,4
5/1/16,18326,2016,1,1,5,1,5
6/1/16,24922,2016,1,1,6,2,6
7/1/16,28215,2016,1,1,7,3,7
8/1/16,29131,2016,1,1,8,4,8
9/1/16,21140,2016,1,1,9,5,9
10/1/16,14481,2016,1,1,10,6,10
11/1/16,23276,2016,1,2,11,0,11
12/1/16,25578,2016,1,2,12,1,12
13/1/16,21458,2016,1,2,13,2,13
14/1/16,24121,2016,1,2,14,3,14
15/1/16,28862,2016,1,2,15,4,15
16/1/16,19466,2016,1,2,16,5,16
17/1/16,12188,2016,1,2,17,6,17
18/1/16,12878,2016,1,3,18,0,18
19/1/16,17550,2016,1,3,19,1,19
20/1/16,23787,2016,1,3,20,2,20
21/1/16,24022,2016,1,3,21,3,21
22/1/16,21243,2016,1,3,22,4,22
27/1/16,6854,2016,1,4,27,2,27
28/1/16,12149,2016,1,4,28,3,28
29/1/16,16252,2016,1,4,29,4,29
30/1/16,13122,2016,1,4,30,5,30
31/1/16,16316,2016,1,4,31,6,31
1/2/16,24689,2016,2,5,1,0,32
2/2/16,28939,2016,2,5,2,1,33
3/2/16,16470,2016,2,5,3,2,34
4/2/16,28144,2016,2,5,4,3,35
5/2/16,13847,2016,2,5,5,4,36
6/2/16,17157,2016,2,5,6,5,37
7/2/16,17838,2016,2,5,7,6,38
8/2/16,19329,2016,2,6,8,0,39
9/2/16,23038,2016,2,6,9,1,40
10/2/16,22725,2016,2,6,10,2,41
11/2/16,19016,2016,2,6,11,3,42
12/2/16,16698,2016,2,6,12,4,43
13/2/16,6688,2016,2,6,13,5,44
14/2/16,4713,2016,2,6,14,6,45
15/2/16,5975,2016,2,7,15,0,46
16/2/16,14764,2016,2,7,16,1,47
17/2/16,23925,2016,2,7,17,2,48
18/2/16,22601,2016,2,7,18,3,49
19/2/16,22289,2016,2,7,19,4,50
20/2/16,24826,2016,2,7,20,5,51
21/2/16,20356,2016,2,7,21,6,52
22/2/16,28670,2016,2,8,22,0,53
23/2/16,16428,2016,2,8,23,1,54
24/2/16,9931,2016,2,8,24,2,55
25/2/16,25474,2016,2,8,25,3,56
26/2/16,22918,2016,2,8,26,4,57
27/2/16,17463,2016,2,8,27,5,58
28/2/16,25854,2016,2,8,28,6,59
29/2/16,28359,2016,2,9,29,0,60
1/3/16,30950,2016,3,9,1,1,61
2/3/16,26554,2016,3,9,2,2,62
3/3/16,24421,2016,3,9,3,3,63
4/3/16,17611,2016,3,9,4,4,64
5/3/16,18276,2016,3,9,5,5,65
6/3/16,19077,2016,3,9,6,6,66
7/3/16,31934,2016,3,10,7,0,67
8/3/16,37041,2016,3,10,8,1,68
9/3/16,42108,2016,3,10,9,2,69
10/3/16,42874,2016,3,10,10,3,70
11/3/16,38727,2016,3,10,11,4,71
12/3/16,33212,2016,3,10,12,5,72
13/3/16,27955,2016,3,10,13,6,73
14/3/16,11143,2016,3,11,14,0,74
15/3/16,32109,2016,3,11,15,1,75
16/3/16,36592,2016,3,11,16,2,76
17/3/16,35955,2016,3,11,17,3,77
18/3/16,35176,2016,3,11,18,4,78
19/3/16,24409,2016,3,11,19,5,79
20/3/16,16951,2016,3,11,20,6,80
21/3/16,26830,2016,3,12,21,0,81
22/3/16,33995,2016,3,12,22,1,82
23/3/16,41566,2016,3,12,23,2,83
24/3/16,37048,2016,3,12,24,3,84
25/3/16,34575,2016,3,12,25,4,85
26/3/16,27861,2016,3,12,26,5,86
27/3/16,22787,2016,3,12,27,6,87
28/3/16,20651,2016,3,13,28,0,88
29/3/16,31919,2016,3,13,29,1,89
30/3/16,34202,2016,3,13,30,2,90
31/3/16,38923,2016,3,13,31,3,91
1/4/16,34972,2016,4,13,1,4,92
2/4/16,22156,2016,4,13,2,5,93
3/4/16,15526,2016,4,13,3,6,94
4/4/16,12557,2016,4,14,4,0,95
5/4/16,26660,2016,4,14,5,1,96
6/4/16,29828,2016,4,14,6,2,97
7/4/16,30879,2016,4,14,7,3,98
8/4/16,31273,2016,4,14,8,4,99
9/4/16,12903,2016,4,14,9,5,100
10/4/16,23499,2016,4,14,10,6,101
11/4/16,32563,2016,4,15,11,0,102
12/4/16,24196,2016,4,15,12,1,103
13/4/16,38134,2016,4,15,13,2,104
14/4/16,39098,2016,4,15,14,3,105
15/4/16,40270,2016,4,15,15,4,106
16/4/16,36690,2016,4,15,16,5,107
17/4/16,39535,2016,4,15,17,6,108
18/4/16,44700,2016,4,16,18,0,109
19/4/16,46779,2016,4,16,19,1,110
20/4/16,45231,2016,4,16,20,2,111
21/4/16,46307,2016,4,16,21,3,112
22/4/16,49647,2016,4,16,22,4,113
23/4/16,34203,2016,4,16,23,5,114
24/4/16,38492,2016,4,16,24,6,115
25/4/16,43049,2016,4,17,25,0,116
26/4/16,35307,2016,4,17,26,1,117
27/4/16,42668,2016,4,17,27,2,118
28/4/16,38060,2016,4,17,28,3,119
29/4/16,35436,2016,4,17,29,4,120
30/4/16,38873,2016,4,17,30,5,121
1/5/16,10883,2016,5,17,1,6,122
2/5/16,39138,2016,5,18,2,0,123
3/5/16,23289,2016,5,18,3,1,124
4/5/16,32193,2016,5,18,4,2,125
5/5/16,40527,2016,5,18,5,3,126
6/5/16,19198,2016,5,18,6,4,127
7/5/16,31528,2016,5,18,7,5,128
8/5/16,31617,2016,5,18,8,6,129
9/5/16,46501,2016,5,19,9,0,130
10/5/16,45538,2016,5,19,10,1,131
11/5/16,51929,2016,5,19,11,2,132
12/5/16,53096,2016,5,19,12,3,133
13/5/16,32942,2016,5,19,13,4,134
14/5/16,42751,2016,5,19,14,5,135
15/5/16,29101,2016,5,19,15,6,136
16/5/16,43490,2016,5,20,16,0,137
17/5/16,44112,2016,5,20,17,1,138
18/5/16,45502,2016,5,20,18,2,139
19/5/16,49978,2016,5,20,19,3,140
20/5/16,53277,2016,5,20,20,4,141
21/5/16,30921,2016,5,20,21,5,142
22/5/16,38428,2016,5,20,22,6,143
23/5/16,49383,2016,5,21,23,0,144
24/5/16,35479,2016,5,21,24,1,145
25/5/16,54333,2016,5,21,25,2,146
26/5/16,52950,2016,5,21,26,3,147
27/5/16,47683,2016,5,21,27,4,148
28/5/16,34750,2016,5,21,28,5,149
29/5/16,37508,2016,5,21,29,6,150
30/5/16,33169,2016,5,22,30,0,151
31/5/16,50574,2016,5,22,31,1,152
1/6/16,55507,2016,6,22,1,2,153
2/6/16,55237,2016,6,22,2,3,154
3/6/16,39596,2016,6,22,3,4,155
4/6/16,41567,2016,6,22,4,5,156
5/6/16,22814,2016,6,22,5,6,157
6/6/16,52956,2016,6,23,6,0,158
7/6/16,52677,2016,6,23,7,1,159
8/6/16,42943,2016,6,23,8,2,160
9/6/16,53706,2016,6,23,9,3,161
10/6/16,54151,2016,6,23,10,4,162
11/6/16,41647,2016,6,23,11,5,163
12/6/16,41325,2016,6,23,12,6,164
13/6/16,49897,2016,6,24,13,0,165
14/6/16,55680,2016,6,24,14,1,166
15/6/16,55934,2016,6,24,15,2,167
16/6/16,46983,2016,6,24,16,3,168
17/6/16,55148,2016,6,24,17,4,169
18/6/16,49650,2016,6,24,18,5,170
19/6/16,46104,2016,6,24,19,6,171
20/6/16,53140,2016,6,25,20,0,172
21/6/16,54439,2016,6,25,21,1,173
22/6/16,56698,2016,6,25,22,2,174
23/6/16,54127,2016,6,25,23,3,175
24/6/16,55113,2016,6,25,24,4,176
25/6/16,43751,2016,6,25,25,5,177
26/6/16,43671,2016,6,25,26,6,178
27/6/16,47854,2016,6,26,27,0,179
28/6/16,50436,2016,6,26,28,1,180
29/6/16,55805,2016,6,26,29,2,181
30/6/16,55709,2016,6,26,30,3,182
1/7/16,40378,2016,7,26,1,4,183
2/7/16,36404,2016,7,26,2,5,184
3/7/16,35976,2016,7,26,3,6,185
4/7/16,35602,2016,7,27,4,0,186
5/7/16,44564,2016,7,27,5,1,187
6/7/16,52250,2016,7,27,6,2,188
7/7/16,49617,2016,7,27,7,3,189
8/7/16,45202,2016,7,27,8,4,190
9/7/16,38749,2016,7,27,9,5,191
10/7/16,42702,2016,7,27,10,6,192
11/7/16,53691,2016,7,28,11,0,193
12/7/16,57497,2016,7,28,12,1,194
13/7/16,56420,2016,7,28,13,2,195
14/7/16,51233,2016,7,28,14,3,196
15/7/16,49417,2016,7,28,15,4,197
16/7/16,38995,2016,7,28,16,5,198
17/7/16,42053,2016,7,28,17,6,199
18/7/16,44455,2016,7,29,18,0,200
19/7/16,55457,2016,7,29,19,1,201
20/7/16,58155,2016,7,29,20,2,202
21/7/16,55802,2016,7,29,21,3,203
22/7/16,50082,2016,7,29,22,4,204
23/7/16,38201,2016,7,29,23,5,205
24/7/16,40363,2016,7,29,24,6,206
25/7/16,36056,2016,7,30,25,0,207
26/7/16,53921,2016,7,30,26,1,208
27/7/16,55142,2016,7,30,27,2,209
28/7/16,51041,2016,7,30,28,3,210
29/7/16,38472,2016,7,30,29,4,211
30/7/16,28355,2016,7,30,30,5,212
31/7/16,28294,2016,7,30,31,6,213
1/8/16,50423,2016,8,31,1,0,214
2/8/16,57899,2016,8,31,2,1,215
3/8/16,58188,2016,8,31,3,2,216
4/8/16,57845,2016,8,31,4,3,217
5/8/16,54489,2016,8,31,5,4,218
6/8/16,45084,2016,8,31,6,5,219
7/8/16,44579,2016,8,31,7,6,220
8/8/16,53414,2016,8,32,8,0,221
9/8/16,57340,2016,8,32,9,1,222
10/8/16,51249,2016,8,32,10,2,223
11/8/16,48519,2016,8,32,11,3,224
12/8/16,45823,2016,8,32,12,4,225
13/8/16,39622,2016,8,32,13,5,226
14/8/16,33716,2016,8,32,14,6,227
15/8/16,50302,2016,8,33,15,0,228
16/8/16,51494,2016,8,33,16,1,229
17/8/16,55266,2016,8,33,17,2,230
18/8/16,54446,2016,8,33,18,3,231
19/8/16,52786,2016,8,33,19,4,232
20/8/16,46704,2016,8,33,20,5,233
21/8/16,35668,2016,8,33,21,6,234
22/8/16,55575,2016,8,34,22,0,235
23/8/16,59799,2016,8,34,23,1,236
24/8/16,59380,2016,8,34,24,2,237
25/8/16,54702,2016,8,34,25,3,238
26/8/16,53321,2016,8,34,26,4,239
27/8/16,46818,2016,8,34,27,5,240
28/8/16,45847,2016,8,34,28,6,241
29/8/16,54435,2016,8,35,29,0,242
30/8/16,58672,2016,8,35,30,1,243
31/8/16,58407,2016,8,35,31,2,244
1/9/16,39102,2016,9,35,1,3,245
2/9/16,54202,2016,9,35,2,4,246
3/9/16,42477,2016,9,35,3,5,247
4/9/16,46935,2016,9,35,4,6,248
5/9/16,46379,2016,9,36,5,0,249
6/9/16,53667,2016,9,36,6,1,250
7/9/16,61801,2016,9,36,7,2,251
8/9/16,62880,2016,9,36,8,3,252
9/9/16,58059,2016,9,36,9,4,253
10/9/16,49400,2016,9,36,10,5,254
11/9/16,53148,2016,9,36,11,6,255
12/9/16,62351,2016,9,37,12,0,256
13/9/16,66210,2016,9,37,13,1,257
14/9/16,60428,2016,9,37,14,2,258
15/9/16,68658,2016,9,37,15,3,259
16/9/16,66584,2016,9,37,16,4,260
17/9/16,60177,2016,9,37,17,5,261
18/9/16,52646,2016,9,37,18,6,262
19/9/16,34919,2016,9,38,19,0,263
20/9/16,66172,2016,9,38,20,1,264
21/9/16,66708,2016,9,38,21,2,265
22/9/16,69138,2016,9,38,22,3,266
23/9/16,66838,2016,9,38,23,4,267
24/9/16,54236,2016,9,38,24,5,268
25/9/16,54617,2016,9,38,25,6,269
26/9/16,62645,2016,9,39,26,0,270
27/9/16,62613,2016,9,39,27,1,271
28/9/16,60706,2016,9,39,28,2,272
29/9/16,56722,2016,9,39,29,3,273
30/9/16,21863,2016,9,39,30,4,274
1/10/16,40551,2016,10,39,1,5,275
2/10/16,41777,2016,10,39,2,6,276
3/10/16,57525,2016,10,40,3,0,277
4/10/16,61640,2016,10,40,4,1,278
5/10/16,66330,2016,10,40,5,2,279
6/10/16,68767,2016,10,40,6,3,280
7/10/16,67095,2016,10,40,7,4,281
8/10/16,35256,2016,10,40,8,5,282
9/10/16,22076,2016,10,40,9,6,283
10/10/16,53303,2016,10,41,10,0,284
11/10/16,59900,2016,10,41,11,1,285
12/10/16,58961,2016,10,41,12,2,286
13/10/16,62395,2016,10,41,13,3,287
14/10/16,61700,2016,10,41,14,4,288
15/10/16,52921,2016,10,41,15,5,289
16/10/16,49653,2016,10,41,16,6,290
17/10/16,63907,2016,10,42,17,0,291
18/10/16,69469,2016,10,42,18,1,292
19/10/16,70991,2016,10,42,19,2,293
20/10/16,64887,2016,10,42,20,3,294
21/10/16,41674,2016,10,42,21,4,295
22/10/16,25739,2016,10,42,22,5,296
23/10/16,42117,2016,10,42,23,6,297
24/10/16,56384,2016,10,43,24,0,298
25/10/16,53693,2016,10,43,25,1,299
26/10/16,53452,2016,10,43,26,2,300
27/10/16,21560,2016,10,43,27,3,301
28/10/16,47121,2016,10,43,28,4,302
29/10/16,43165,2016,10,43,29,5,303
30/10/16,38388,2016,10,43,30,6,304
31/10/16,51086,2016,10,44,31,0,305
1/11/16,56983,2016,11,44,1,1,306
2/11/16,63234,2016,11,44,2,2,307
3/11/16,60628,2016,11,44,3,3,308
4/11/16,58887,2016,11,44,4,4,309
5/11/16,49463,2016,11,44,5,5,310
6/11/16,40129,2016,11,44,6,6,311
7/11/16,50788,2016,11,45,7,0,312
8/11/16,57591,2016,11,45,8,1,313
9/11/16,38789,2016,11,45,9,2,314
10/11/16,51793,2016,11,45,10,3,315
11/11/16,46640,2016,11,45,11,4,316
12/11/16,35240,2016,11,45,12,5,317
13/11/16,37430,2016,11,45,13,6,318
14/11/16,49787,2016,11,46,14,0,319
15/11/16,23316,2016,11,46,15,1,320
16/11/16,54328,2016,11,46,16,2,321
17/11/16,54894,2016,11,46,17,3,322
18/11/16,54311,2016,11,46,18,4,323
19/11/16,41977,2016,11,46,19,5,324
20/11/16,20952,2016,11,46,20,6,325
21/11/16,33649,2016,11,47,21,0,326
22/11/16,37480,2016,11,47,22,1,327
23/11/16,35209,2016,11,47,23,2,328
24/11/16,12369,2016,11,47,24,3,329
25/11/16,21404,2016,11,47,25,4,330
26/11/16,24255,2016,11,47,26,5,331
27/11/16,24520,2016,11,47,27,6,332
28/11/16,42808,2016,11,48,28,0,333
29/11/16,14952,2016,11,48,29,1,334
30/11/16,24968,2016,11,48,30,2,335
1/12/16,44025,2016,12,48,1,3,336
2/12/16,43125,2016,12,48,2,4,337
3/12/16,30325,2016,12,48,3,5,338
4/12/16,27889,2016,12,48,4,6,339
5/12/16,36572,2016,12,49,5,0,340
6/12/16,33943,2016,12,49,6,1,341
7/12/16,38730,2016,12,49,7,2,342
8/12/16,40320,2016,12,49,8,3,343
9/12/16,34213,2016,12,49,9,4,344
10/12/16,22746,2016,12,49,10,5,345
11/12/16,18098,2016,12,49,11,6,346
12/12/16,29577,2016,12,50,12,0,347
13/12/16,39757,2016,12,50,13,1,348
14/12/16,38506,2016,12,50,14,2,349
15/12/16,25538,2016,12,50,15,3,350
16/12/16,25014,2016,12,50,16,4,351
17/12/16,7109,2016,12,50,17,5,352
18/12/16,16552,2016,12,50,18,6,353
19/12/16,26128,2016,12,51,19,0,354
20/12/16,28236,2016,12,51,20,1,355
21/12/16,31187,2016,12,51,21,2,356
22/12/16,31499,2016,12,51,22,3,357
23/12/16,26843,2016,12,51,23,4,358
24/12/16,8190,2016,12,51,24,5,359
25/12/16,10131,2016,12,51,25,6,360
26/12/16,10998,2016,12,52,26,0,361
27/12/16,26535,2016,12,52,27,1,362
28/12/16,24079,2016,12,52,28,2,363
29/12/16,13476,2016,12,52,29,3,364
30/12/16,21754,2016,12,52,30,4,365
31/12/16,16211,2016,12,52,31,5,366
1/1/17,16281,2017,1,52,1,6,1
2/1/17,9065,2017,1,1,2,0,2
3/1/17,14546,2017,1,1,3,1,3
4/1/17,34673,2017,1,1,4,2,4
5/1/17,28945,2017,1,1,5,3,5
6/1/17,24612,2017,1,1,6,4,6
7/1/17,4497,2017,1,1,7,5,7
8/1/17,6522,2017,1,1,8,6,8
9/1/17,16174,2017,1,2,9,0,9
10/1/17,23637,2017,1,2,10,1,10
11/1/17,32988,2017,1,2,11,2,11
12/1/17,40438,2017,1,2,12,3,12
13/1/17,34212,2017,1,2,13,4,13
14/1/17,14054,2017,1,2,14,5,14
15/1/17,17668,2017,1,2,15,6,15
16/1/17,24545,2017,1,3,16,0,16
17/1/17,19039,2017,1,3,17,1,17
18/1/17,31411,2017,1,3,18,2,18
19/1/17,37163,2017,1,3,19,3,19
20/1/17,27275,2017,1,3,20,4,20
21/1/17,27016,2017,1,3,21,5,21
22/1/17,20879,2017,1,3,22,6,22
23/1/17,16092,2017,1,4,23,0,23
24/1/17,13431,2017,1,4,24,1,24
25/1/17,37571,2017,1,4,25,2,25
26/1/17,33578,2017,1,4,26,3,26
27/1/17,32971,2017,1,4,27,4,27
28/1/17,21627,2017,1,4,28,5,28
29/1/17,22870,2017,1,4,29,6,29
30/1/17,30169,2017,1,5,30,0,30
31/1/17,25653,2017,1,5,31,1,31
1/2/17,35790,2017,2,5,1,2,32
2/2/17,35097,2017,2,5,2,3,33
3/2/17,30196,2017,2,5,3,4,34
4/2/17,19582,2017,2,5,4,5,35
5/2/17,20384,2017,2,5,5,6,36
6/2/17,34030,2017,2,6,6,0,37
7/2/17,23531,2017,2,6,7,1,38
8/2/17,41127,2017,2,6,8,2,39
10/2/17,2049,2017,2,6,10,4,41
11/2/17,9169,2017,2,6,11,5,42
12/2/17,5876,2017,2,6,12,6,43
13/2/17,24181,2017,2,7,13,0,44
14/2/17,30222,2017,2,7,14,1,45
15/2/17,32572,2017,2,7,15,2,46
16/2/17,29670,2017,2,7,16,3,47
17/2/17,29233,2017,2,7,17,4,48
18/2/17,31072,2017,2,7,18,5,49
19/2/17,37616,2017,2,7,19,6,50
20/2/17,32863,2017,2,8,20,0,51
21/2/17,33271,2017,2,8,21,1,52
22/2/17,38803,2017,2,8,22,2,53
23/2/17,43153,2017,2,8,23,3,54
24/2/17,47791,2017,2,8,24,4,55
25/2/17,33997,2017,2,8,25,5,56
26/2/17,25130,2017,2,8,26,6,57
27/2/17,36673,2017,2,9,27,0,58
28/2/17,42595,2017,2,9,28,1,59
1/3/17,41350,2017,3,9,1,2,60
2/3/17,36393,2017,3,9,2,3,61
3/3/17,31709,2017,3,9,3,4,62
4/3/17,15908,2017,3,9,4,5,63
5/3/17,16214,2017,3,9,5,6,64
6/3/17,33088,2017,3,10,6,0,65
7/3/17,30239,2017,3,10,7,1,66
8/3/17,44202,2017,3,10,8,2,67
9/3/17,45972,2017,3,10,9,3,68
10/3/17,18731,2017,3,10,10,4,69
11/3/17,15446,2017,3,10,11,5,70
12/3/17,13688,2017,3,10,12,6,71
13/3/17,27887,2017,3,11,13,0,72
17/3/17,7099,2017,3,11,17,4,76
18/3/17,4137,2017,3,11,18,5,77
19/3/17,10653,2017,3,11,19,6,78
20/3/17,27722,2017,3,12,20,0,79
21/3/17,37452,2017,3,12,21,1,80
22/3/17,27396,2017,3,12,22,2,81
23/3/17,30428,2017,3,12,23,3,82
24/3/17,34602,2017,3,12,24,4,83
25/3/17,30129,2017,3,12,25,5,84
26/3/17,20201,2017,3,12,26,6,85
27/3/17,26727,2017,3,13,27,0,86
28/3/17,21960,2017,3,13,28,1,87
29/3/17,43057,2017,3,13,29,2,88
30/3/17,40368,2017,3,13,30,3,89
31/3/17,7108,2017,3,13,31,4,90
1/4/17,24205,2017,4,13,1,5,91
2/4/17,40397,2017,4,13,2,6,92
3/4/17,44111,2017,4,14,3,0,93
4/4/17,30505,2017,4,14,4,1,94
5/4/17,48355,2017,4,14,5,2,95
6/4/17,18355,2017,4,14,6,3,96
7/4/17,36387,2017,4,14,7,4,97
8/4/17,36478,2017,4,14,8,5,98
9/4/17,44651,2017,4,14,9,6,99
10/4/17,51234,2017,4,15,10,0,100
11/4/17,58221,2017,4,15,11,1,101
12/4/17,52005,2017,4,15,12,2,102
13/4/17,53692,2017,4,15,13,3,103
14/4/17,53025,2017,4,15,14,4,104
15/4/17,43149,2017,4,15,15,5,105
16/4/17,49080,2017,4,15,16,6,106
17/4/17,54128,2017,4,16,17,0,107
18/4/17,54631,2017,4,16,18,1,108
19/4/17,46567,2017,4,16,19,2,109
20/4/17,44958,2017,4,16,20,3,110
21/4/17,40514,2017,4,16,21,4,111
22/4/17,35214,2017,4,16,22,5,112
23/4/17,49769,2017,4,16,23,6,113
24/4/17,49490,2017,4,17,24,0,114
25/4/17,20722,2017,4,17,25,1,115
26/4/17,38393,2017,4,17,26,2,116
27/4/17,52857,2017,4,17,27,3,117
28/4/17,63203,2017,4,17,28,4,118
29/4/17,58669,2017,4,17,29,5,119
30/4/17,43625,2017,4,17,30,6,120
1/5/17,57266,2017,5,18,1,0,121
2/5/17,62141,2017,5,18,2,1,122
3/5/17,60241,2017,5,18,3,2,123
4/5/17,58395,2017,5,18,4,3,124
5/5/17,24511,2017,5,18,5,4,125
6/5/17,47382,2017,5,18,6,5,126
7/5/17,34803,2017,5,18,7,6,127
8/5/17,52441,2017,5,19,8,0,128
9/5/17,57485,2017,5,19,9,1,129
10/5/17,59415,2017,5,19,10,2,130
11/5/17,58224,2017,5,19,11,3,131
12/5/17,57636,2017,5,19,12,4,132
13/5/17,5799,2017,5,19,13,5,133
14/5/17,39376,2017,5,19,14,6,134
15/5/17,55705,2017,5,20,15,0,135
16/5/17,65670,2017,5,20,16,1,136
17/5/17,66848,2017,5,20,17,2,137
18/5/17,64730,2017,5,20,18,3,138
19/5/17,63145,2017,5,20,19,4,139
20/5/17,48653,2017,5,20,20,5,140
21/5/17,55747,2017,5,20,21,6,141
22/5/17,25097,2017,5,21,22,0,142
23/5/17,61145,2017,5,21,23,1,143
24/5/17,61646,2017,5,21,24,2,144
25/5/17,17907,2017,5,21,25,3,145
26/5/17,54726,2017,5,21,26,4,146
27/5/17,47251,2017,5,21,27,5,147
28/5/17,47447,2017,5,21,28,6,148
29/5/17,26773,2017,5,22,29,0,149
30/5/17,51117,2017,5,22,30,1,150
31/5/17,60512,2017,5,22,31,2,151
1/6/17,68642,2017,6,22,1,3,152
2/6/17,68089,2017,6,22,2,4,153
3/6/17,57161,2017,6,22,3,5,154
4/6/17,40868,2017,6,22,4,6,155
5/6/17,56884,2017,6,23,5,0,156
6/6/17,42116,2017,6,23,6,1,157
7/6/17,65606,2017,6,23,7,2,158
8/6/17,63809,2017,6,23,8,3,159
9/6/17,67696,2017,6,23,9,4,160
10/6/17,58066,2017,6,23,10,5,161
11/6/17,52318,2017,6,23,11,6,162
12/6/17,59037,2017,6,24,12,0,163
13/6/17,62056,2017,6,24,13,1,164
14/6/17,61574,2017,6,24,14,2,165
15/6/17,65970,2017,6,24,15,3,166
16/6/17,57443,2017,6,24,16,4,167
17/6/17,35537,2017,6,24,17,5,168
18/6/17,50293,2017,6,24,18,6,169
19/6/17,39117,2017,6,25,19,0,170
20/6/17,65892,2017,6,25,20,1,171
21/6/17,68417,2017,6,25,21,2,172
22/6/17,67596,2017,6,25,22,3,173
23/6/17,56438,2017,6,25,23,4,174
24/6/17,53068,2017,6,25,24,5,175
25/6/17,55608,2017,6,25,25,6,176
26/6/17,63903,2017,6,26,26,0,177
27/6/17,66034,2017,6,26,27,1,178
28/6/17,69041,2017,6,26,28,2,179
29/6/17,65564,2017,6,26,29,3,180
30/6/17,59811,2017,6,26,30,4,181
1/7/17,37398,2017,7,26,1,5,182
2/7/17,43800,2017,7,26,2,6,183
3/7/17,49118,2017,7,27,3,0,184
4/7/17,50919,2017,7,27,4,1,185
5/7/17,61501,2017,7,27,5,2,186
6/7/17,63408,2017,7,27,6,3,187
7/7/17,44960,2017,7,27,7,4,188
8/7/17,55996,2017,7,27,8,5,189
9/7/17,58133,2017,7,27,9,6,190
10/7/17,62112,2017,7,28,10,0,191
11/7/17,62930,2017,7,28,11,1,192
12/7/17,63021,2017,7,28,12,2,193
13/7/17,57627,2017,7,28,13,3,194
14/7/17,32574,2017,7,28,14,4,195
15/7/17,57446,2017,7,28,15,5,196
16/7/17,57892,2017,7,28,16,6,197
17/7/17,63812,2017,7,29,17,0,198
18/7/17,67529,2017,7,29,18,1,199
19/7/17,65175,2017,7,29,19,2,200
20/7/17,60897,2017,7,29,20,3,201
21/7/17,61301,2017,7,29,21,4,202
22/7/17,48873,2017,7,29,22,5,203
23/7/17,47779,2017,7,29,23,6,204
24/7/17,44702,2017,7,30,24,0,205
25/7/17,66620,2017,7,30,25,1,206
26/7/17,71672,2017,7,30,26,2,207
27/7/17,67066,2017,7,30,27,3,208
28/7/17,65089,2017,7,30,28,4,209
29/7/17,53897,2017,7,30,29,5,210
30/7/17,60402,2017,7,30,30,6,211
31/7/17,65523,2017,7,31,31,0,212
1/8/17,67997,2017,8,31,1,1,213
2/8/17,57363,2017,8,31,2,2,214
3/8/17,67453,2017,8,31,3,3,215
4/8/17,57587,2017,8,31,4,4,216
5/8/17,59884,2017,8,31,5,5,217
6/8/17,57510,2017,8,31,6,6,218
7/8/17,23937,2017,8,32,7,0,219
8/8/17,66481,2017,8,32,8,1,220
9/8/17,69194,2017,8,32,9,2,221
10/8/17,67617,2017,8,32,10,3,222
11/8/17,64423,2017,8,32,11,4,223
12/8/17,61572,2017,8,32,12,5,224
13/8/17,58525,2017,8,32,13,6,225
14/8/17,62708,2017,8,33,14,0,226
15/8/17,53572,2017,8,33,15,1,227
16/8/17,69833,2017,8,33,16,2,228
17/8/17,68065,2017,8,33,17,3,229
18/8/17,37375,2017,8,33,18,4,230
19/8/17,63438,2017,8,33,19,5,231
20/8/17,56536,2017,8,33,20,6,232
21/8/17,62291,2017,8,34,21,0,233
22/8/17,61767,2017,8,34,22,1,234
23/8/17,66396,2017,8,34,23,2,235
24/8/17,67609,2017,8,34,24,3,236
25/8/17,65491,2017,8,34,25,4,237
26/8/17,51025,2017,8,34,26,5,238
27/8/17,55578,2017,8,34,27,6,239
28/8/17,62062,2017,8,35,28,0,240
29/8/17,35914,2017,8,35,29,1,241
30/8/17,66621,2017,8,35,30,2,242
31/8/17,66146,2017,8,35,31,3,243
1/9/17,55991,2017,9,35,1,4,244
2/9/17,38457,2017,9,35,2,5,245
3/9/17,31518,2017,9,35,3,6,246
4/9/17,56187,2017,9,36,4,0,247
5/9/17,66625,2017,9,36,5,1,248
6/9/17,43177,2017,9,36,6,2,249
7/9/17,70797,2017,9,36,7,3,250
8/9/17,70874,2017,9,36,8,4,251
9/9/17,61108,2017,9,36,9,5,252
10/9/17,61687,2017,9,36,10,6,253
11/9/17,73225,2017,9,37,11,0,254
12/9/17,75917,2017,9,37,12,1,255
13/9/17,70794,2017,9,37,13,2,256
14/9/17,73366,2017,9,37,14,3,257
15/9/17,73639,2017,9,37,15,4,258
16/9/17,62045,2017,9,37,16,5,259
17/9/17,60967,2017,9,37,17,6,260
18/9/17,65366,2017,9,38,18,0,261
19/9/17,59015,2017,9,38,19,1,262
20/9/17,72482,2017,9,38,20,2,263
21/9/17,69088,2017,9,38,21,3,264
22/9/17,71430,2017,9,38,22,4,265
23/9/17,63764,2017,9,38,23,5,266
24/9/17,58420,2017,9,38,24,6,267
25/9/17,70415,2017,9,39,25,0,268
26/9/17,72359,2017,9,39,26,1,269
27/9/17,71007,2017,9,39,27,2,270
28/9/17,72084,2017,9,39,28,3,271
29/9/17,68375,2017,9,39,29,4,272
30/9/17,51038,2017,9,39,30,5,273
1/10/17,56411,2017,10,39,1,6,274
2/10/17,66846,2017,10,40,2,0,275
3/10/17,70550,2017,10,40,3,1,276
4/10/17,72898,2017,10,40,4,2,277
5/10/17,71560,2017,10,40,5,3,278
6/10/17,71567,2017,10,40,6,4,279
7/10/17,64728,2017,10,40,7,5,280
8/10/17,41748,2017,10,40,8,6,281
9/10/17,39247,2017,10,41,9,0,282
10/10/17,75586,2017,10,41,10,1,283
11/10/17,64879,2017,10,41,11,2,284
12/10/17,62485,2017,10,41,12,3,285
13/10/17,68355,2017,10,41,13,4,286
14/10/17,59671,2017,10,41,14,5,287
15/10/17,57411,2017,10,41,15,6,288
16/10/17,62971,2017,10,42,16,0,289
17/10/17,65711,2017,10,42,17,1,290
18/10/17,71558,2017,10,42,18,2,291
19/10/17,73604,2017,10,42,19,3,292
20/10/17,73519,2017,10,42,20,4,293
21/10/17,66886,2017,10,42,21,5,294
22/10/17,63114,2017,10,42,22,6,295
23/10/17,70523,2017,10,43,23,0,296
24/10/17,49012,2017,10,43,24,1,297
25/10/17,72535,2017,10,43,25,2,298
26/10/17,65105,2017,10,43,26,3,299
27/10/17,70412,2017,10,43,27,4,300
28/10/17,62322,2017,10,43,28,5,301
29/10/17,9731,2017,10,43,29,6,302
30/10/17,50197,2017,10,44,30,0,303
31/10/17,61369,2017,10,44,31,1,304
1/11/17,61898,2017,11,44,1,2,305
2/11/17,72093,2017,11,44,2,3,306
3/11/17,72972,2017,11,44,3,4,307
4/11/17,54243,2017,11,44,4,5,308
5/11/17,35515,2017,11,44,5,6,309
6/11/17,58643,2017,11,45,6,0,310
7/11/17,37018,2017,11,45,7,1,311
8/11/17,55257,2017,11,45,8,2,312
9/11/17,59434,2017,11,45,9,3,313
10/11/17,39196,2017,11,45,10,4,314
11/11/17,28595,2017,11,45,11,5,315
12/11/17,32957,2017,11,45,12,6,316
13/11/17,39500,2017,11,46,13,0,317
14/11/17,53212,2017,11,46,14,1,318
15/11/17,55209,2017,11,46,15,2,319
16/11/17,50638,2017,11,46,16,3,320
17/11/17,49846,2017,11,46,17,4,321
18/11/17,28214,2017,11,46,18,5,322
19/11/17,32051,2017,11,46,19,6,323
20/11/17,45968,2017,11,47,20,0,324
21/11/17,53383,2017,11,47,21,1,325
22/11/17,32983,2017,11,47,22,2,326
23/11/17,13985,2017,11,47,23,3,327
24/11/17,24171,2017,11,47,24,4,328
25/11/17,30956,2017,11,47,25,5,329
26/11/17,27675,2017,11,47,26,6,330
27/11/17,47633,2017,11,48,27,0,331
28/11/17,52080,2017,11,48,28,1,332
29/11/17,56245,2017,11,48,29,2,333
30/11/17,52661,2017,11,48,30,3,334
1/12/17,51706,2017,12,48,1,4,335
2/12/17,39538,2017,12,48,2,5,336
3/12/17,34264,2017,12,48,3,6,337
4/12/17,50532,2017,12,49,4,0,338
5/12/17,42494,2017,12,49,5,1,339
6/12/17,47172,2017,12,49,6,2,340
7/12/17,46238,2017,12,49,7,3,341
8/12/17,42058,2017,12,49,8,4,342
9/12/17,10963,2017,12,49,9,5,343
10/12/17,20076,2017,12,49,10,6,344
11/12/17,42625,2017,12,50,11,0,345
12/12/17,43414,2017,12,50,12,1,346
13/12/17,33177,2017,12,50,13,2,347
14/12/17,27977,2017,12,50,14,3,348
15/12/17,23367,2017,12,50,15,4,349
16/12/17,19350,2017,12,50,16,5,350
17/12/17,22724,2017,12,50,17,6,351
18/12/17,40882,2017,12,51,18,0,352
19/12/17,50310,2017,12,51,19,1,353
20/12/17,42158,2017,12,51,20,2,354
21/12/17,38294,2017,12,51,21,3,355
22/12/17,34950,2017,12,51,22,4,356
23/12/17,9821,2017,12,51,23,5,357
24/12/17,13482,2017,12,51,24,6,358
25/12/17,6584,2017,12,52,25,0,359
26/12/17,14438,2017,12,52,26,1,360
27/12/17,16740,2017,12,52,27,2,361
28/12/17,13709,2017,12,52,28,3,362
29/12/17,14029,2017,12,52,29,4,363
30/12/17,6086,2017,12,52,30,5,364
31/12/17,6707,2017,12,52,31,6,365
1/1/18,5601,2018,1,1,1,0,1
2/1/18,19212,2018,1,1,2,1,2
3/1/18,24768,2018,1,1,3,2,3
4/1/18,1974,2018,1,1,4,3,4
5/1/18,5093,2018,1,1,5,4,5
6/1/18,4370,2018,1,1,6,5,6
7/1/18,5730,2018,1,1,7,6,7
8/1/18,16144,2018,1,2,8,0,8
9/1/18,25505,2018,1,2,9,1,9
10/1/18,28761,2018,1,2,10,2,10
11/1/18,34545,2018,1,2,11,3,11
12/1/18,22631,2018,1,2,12,4,12
13/1/18,18062,2018,1,2,13,5,13
14/1/18,12590,2018,1,2,14,6,14
15/1/18,17934,2018,1,3,15,0,15
16/1/18,30803,2018,1,3,16,1,16
17/1/18,19412,2018,1,3,17,2,17
18/1/18,28132,2018,1,3,18,3,18
19/1/18,31067,2018,1,3,19,4,19
20/1/18,29013,2018,1,3,20,5,20
21/1/18,28365,2018,1,3,21,6,21
22/1/18,37531,2018,1,4,22,0,22
23/1/18,29321,2018,1,4,23,1,23
24/1/18,36693,2018,1,4,24,2,24
25/1/18,31732,2018,1,4,25,3,25
26/1/18,33661,2018,1,4,26,4,26
27/1/18,34858,2018,1,4,27,5,27
28/1/18,20388,2018,1,4,28,6,28
29/1/18,37493,2018,1,5,29,0,29
30/1/18,28481,2018,1,5,30,1,30
31/1/18,31801,2018,1,5,31,2,31
1/2/18,36172,2018,2,5,1,3,32
2/2/18,26807,2018,2,5,2,4,33
3/2/18,18686,2018,2,5,3,5,34
4/2/18,14234,2018,2,5,4,6,35
5/2/18,29627,2018,2,6,5,0,36
6/2/18,34743,2018,2,6,6,1,37
7/2/18,15603,2018,2,6,7,2,38
8/2/18,32155,2018,2,6,8,3,39
9/2/18,32148,2018,2,6,9,4,40
10/2/18,16588,2018,2,6,10,5,41
11/2/18,8960,2018,2,6,11,6,42
12/2/18,35828,2018,2,7,12,0,43
13/2/18,35827,2018,2,7,13,1,44
14/2/18,40300,2018,2,7,14,2,45
15/2/18,44896,2018,2,7,15,3,46
16/2/18,29714,2018,2,7,16,4,47
17/2/18,18252,2018,2,7,17,5,48
18/2/18,21884,2018,2,7,18,6,49
19/2/18,26065,2018,2,8,19,0,50
20/2/18,45259,2018,2,8,20,1,51
21/2/18,53998,2018,2,8,21,2,52
22/2/18,27538,2018,2,8,22,3,53
23/2/18,26172,2018,2,8,23,4,54
24/2/18,25974,2018,2,8,24,5,55
25/2/18,16419,2018,2,8,25,6,56
26/2/18,43404,2018,2,9,26,0,57
27/2/18,49378,2018,2,9,27,1,58
28/2/18,51587,2018,2,9,28,2,59
1/3/18,46373,2018,3,9,1,3,60
2/3/18,6987,2018,3,9,2,4,61
3/3/18,28785,2018,3,9,3,5,62
4/3/18,25646,2018,3,9,4,6,63
5/3/18,37564,2018,3,10,5,0,64
6/3/18,43421,2018,3,10,6,1,65
7/3/18,8335,2018,3,10,7,2,66
8/3/18,28746,2018,3,10,8,3,67
9/3/18,35437,2018,3,10,9,4,68
10/3/18,25859,2018,3,10,10,5,69
11/3/18,27983,2018,3,10,11,6,70
12/3/18,37068,2018,3,11,12,0,71
13/3/18,23638,2018,3,11,13,1,72
14/3/18,36121,2018,3,11,14,2,73
15/3/18,40270,2018,3,11,15,3,74
16/3/18,35573,2018,3,11,16,4,75
17/3/18,28111,2018,3,11,17,5,76
18/3/18,25540,2018,3,11,18,6,77
19/3/18,40018,2018,3,12,19,0,78
20/3/18,36273,2018,3,12,20,1,79
21/3/18,3847,2018,3,12,21,2,80
22/3/18,27437,2018,3,12,22,3,81
23/3/18,39221,2018,3,12,23,4,82
24/3/18,35016,2018,3,12,24,5,83
25/3/18,25988,2018,3,12,25,6,84
26/3/18,41117,2018,3,13,26,0,85
27/3/18,42124,2018,3,13,27,1,86
28/3/18,43321,2018,3,13,28,2,87
29/3/18,40125,2018,3,13,29,3,88
30/3/18,35407,2018,3,13,30,4,89
31/3/18,42430,2018,3,13,31,5,90
1/4/18,33644,2018,4,13,1,6,91
2/4/18,22460,2018,4,14,2,0,92
3/4/18,26444,2018,4,14,3,1,93
4/4/18,37454,2018,4,14,4,2,94
5/4/18,40589,2018,4,14,5,3,95
6/4/18,36257,2018,4,14,6,4,96
7/4/18,33818,2018,4,14,7,5,97
8/4/18,28899,2018,4,14,8,6,98
9/4/18,41315,2018,4,15,9,0,99
10/4/18,43926,2018,4,15,10,1,100
11/4/18,49500,2018,4,15,11,2,101
12/4/18,54134,2018,4,15,12,3,102
13/4/18,64571,2018,4,15,13,4,103
14/4/18,63741,2018,4,15,14,5,104
15/4/18,20788,2018,4,15,15,6,105
16/4/18,26759,2018,4,16,16,0,106
17/4/18,45547,2018,4,16,17,1,107
18/4/18,52051,2018,4,16,18,2,108
19/4/18,39060,2018,4,16,19,3,109
20/4/18,47872,2018,4,16,20,4,110
21/4/18,64572,2018,4,16,21,5,111
22/4/18,55272,2018,4,16,22,6,112
23/4/18,58904,2018,4,17,23,0,113
24/4/18,59631,2018,4,17,24,1,114
25/4/18,31852,2018,4,17,25,2,115
26/4/18,67195,2018,4,17,26,3,116
27/4/18,39929,2018,4,17,27,4,117
28/4/18,57551,2018,4,17,28,5,118
29/4/18,45560,2018,4,17,29,6,119
30/4/18,41882,2018,4,18,30,0,120
1/5/18,73259,2018,5,18,1,1,121
2/5/18,78048,2018,5,18,2,2,122
3/5/18,70300,2018,5,18,3,3,123
4/5/18,72449,2018,5,18,4,4,124
5/5/18,64442,2018,5,18,5,5,125
6/5/18,49824,2018,5,18,6,6,126
7/5/18,70249,2018,5,19,7,0,127
8/5/18,75697,2018,5,19,8,1,128
9/5/18,79843,2018,5,19,9,2,129
10/5/18,68687,2018,5,19,10,3,130
11/5/18,76617,2018,5,19,11,4,131
12/5/18,35127,2018,5,19,12,5,132
13/5/18,26407,2018,5,19,13,6,133
14/5/18,65998,2018,5,20,14,0,134
15/5/18,53865,2018,5,20,15,1,135
16/5/18,33558,2018,5,20,16,2,136
17/5/18,50730,2018,5,20,17,3,137
18/5/18,64314,2018,5,20,18,4,138
19/5/18,18396,2018,5,20,19,5,139
20/5/18,57976,2018,5,20,20,6,140
21/5/18,72616,2018,5,21,21,0,141
22/5/18,49558,2018,5,21,22,1,142
23/5/18,74044,2018,5,21,23,2,143
24/5/18,76291,2018,5,21,24,3,144
25/5/18,70753,2018,5,21,25,4,145
26/5/18,52572,2018,5,21,26,5,146
27/5/18,26263,2018,5,21,27,6,147
28/5/18,49961,2018,5,22,28,0,148
29/5/18,70517,2018,5,22,29,1,149
30/5/18,73777,2018,5,22,30,2,150
31/5/18,57028,2018,5,22,31,3,151
1/6/18,64121,2018,6,22,1,4,152
2/6/18,61454,2018,6,22,2,5,153
3/6/18,50993,2018,6,22,3,6,154
4/6/18,60184,2018,6,23,4,0,155
5/6/18,73479,2018,6,23,5,1,156
6/6/18,71367,2018,6,23,6,2,157
7/6/18,72055,2018,6,23,7,3,158
8/6/18,74180,2018,6,23,8,4,159
9/6/18,66478,2018,6,23,9,5,160
10/6/18,42345,2018,6,23,10,6,161
11/6/18,69636,2018,6,24,11,0,162
12/6/18,77898,2018,6,24,12,1,163
13/6/18,65749,2018,6,24,13,2,164
14/6/18,77408,2018,6,24,14,3,165
15/6/18,73956,2018,6,24,15,4,166
16/6/18,64342,2018,6,24,16,5,167
17/6/18,57227,2018,6,24,17,6,168
18/6/18,64917,2018,6,25,18,0,169
19/6/18,73729,2018,6,25,19,1,170
20/6/18,75619,2018,6,25,20,2,171
21/6/18,71556,2018,6,25,21,3,172
22/6/18,72626,2018,6,25,22,4,173
23/6/18,52035,2018,6,25,23,5,174
24/6/18,56873,2018,6,25,24,6,175
25/6/18,73392,2018,6,26,25,0,176
26/6/18,82442,2018,6,26,26,1,177
27/6/18,69206,2018,6,26,27,2,178
28/6/18,51587,2018,6,26,28,3,179
29/6/18,71417,2018,6,26,29,4,180
30/6/18,55769,2018,6,26,30,5,181
1/7/18,46125,2018,7,26,1,6,182
2/7/18,60081,2018,7,27,2,0,183
3/7/18,56121,2018,7,27,3,1,184
4/7/18,49562,2018,7,27,4,2,185
5/7/18,60823,2018,7,27,5,3,186
6/7/18,50690,2018,7,27,6,4,187
7/7/18,62035,2018,7,27,7,5,188
8/7/18,61643,2018,7,27,8,6,189
9/7/18,71724,2018,7,28,9,0,190
10/7/18,74193,2018,7,28,10,1,191
11/7/18,74627,2018,7,28,11,2,192
12/7/18,76488,2018,7,28,12,3,193
13/7/18,73734,2018,7,28,13,4,194
14/7/18,63789,2018,7,28,14,5,195
15/7/18,53331,2018,7,28,15,6,196
16/7/18,68707,2018,7,29,16,0,197
17/7/18,49713,2018,7,29,17,1,198
18/7/18,77414,2018,7,29,18,2,199
19/7/18,79643,2018,7,29,19,3,200
20/7/18,76157,2018,7,29,20,4,201
21/7/18,54777,2018,7,29,21,5,202
22/7/18,45191,2018,7,29,22,6,203
23/7/18,54289,2018,7,30,23,0,204
24/7/18,71388,2018,7,30,24,1,205
25/7/18,43965,2018,7,30,25,2,206
26/7/18,72660,2018,7,30,26,3,207
27/7/18,50303,2018,7,30,27,4,208
28/7/18,62765,2018,7,30,28,5,209
29/7/18,64778,2018,7,30,29,6,210
30/7/18,71145,2018,7,31,30,0,211
31/7/18,78032,2018,7,31,31,1,212
1/8/18,65975,2018,8,31,1,2,213
2/8/18,71331,2018,8,31,2,3,214
3/8/18,63468,2018,8,31,3,4,215
4/8/18,52174,2018,8,31,4,5,216
5/8/18,59554,2018,8,31,5,6,217
6/8/18,67335,2018,8,32,6,0,218
7/8/18,65959,2018,8,32,7,1,219
8/8/18,72275,2018,8,32,8,2,220
9/8/18,73625,2018,8,32,9,3,221
10/8/18,71177,2018,8,32,10,4,222
11/8/18,37341,2018,8,32,11,5,223
12/8/18,61064,2018,8,32,12,6,224
13/8/18,45478,2018,8,33,13,0,225
14/8/18,65219,2018,8,33,14,1,226
15/8/18,74779,2018,8,33,15,2,227
16/8/18,72503,2018,8,33,16,3,228
17/8/18,64804,2018,8,33,17,4,229
18/8/18,58244,2018,8,33,18,5,230
19/8/18,46724,2018,8,33,19,6,231
20/8/18,69119,2018,8,34,20,0,232
21/8/18,76888,2018,8,34,21,1,233
22/8/18,74276,2018,8,34,22,2,234
23/8/18,75461,2018,8,34,23,3,235
24/8/18,74448,2018,8,34,24,4,236
25/8/18,65853,2018,8,34,25,5,237
26/8/18,62038,2018,8,34,26,6,238
27/8/18,69203,2018,8,35,27,0,239
28/8/18,68209,2018,8,35,28,1,240
29/8/18,67481,2018,8,35,29,2,241
30/8/18,69449,2018,8,35,30,3,242
31/8/18,60155,2018,8,35,31,4,243
1/9/18,55238,2018,9,35,1,5,244
2/9/18,61802,2018,9,35,2,6,245
3/9/18,56082,2018,9,36,3,0,246
4/9/18,70046,2018,9,36,4,1,247
5/9/18,76586,2018,9,36,5,2,248
6/9/18,71727,2018,9,36,6,3,249
7/9/18,76185,2018,9,36,7,4,250
8/9/18,59364,2018,9,36,8,5,251
9/9/18,20330,2018,9,36,9,6,252
10/9/18,24705,2018,9,37,10,0,253
11/9/18,68045,2018,9,37,11,1,254
12/9/18,54428,2018,9,37,12,2,255
13/9/18,75586,2018,9,37,13,3,256
14/9/18,75869,2018,9,37,14,4,257
15/9/18,72461,2018,9,37,15,5,258
16/9/18,70917,2018,9,37,16,6,259
17/9/18,72885,2018,9,38,17,0,260
18/9/18,54377,2018,9,38,18,1,261
19/9/18,76047,2018,9,38,19,2,262
20/9/18,78432,2018,9,38,20,3,263
21/9/18,76566,2018,9,38,21,4,264
22/9/18,70420,2018,9,38,22,5,265
23/9/18,56505,2018,9,38,23,6,266
24/9/18,73278,2018,9,39,24,0,267
25/9/18,25954,2018,9,39,25,1,268
26/9/18,69582,2018,9,39,26,2,269
27/9/18,76982,2018,9,39,27,3,270
28/9/18,58437,2018,9,39,28,4,271
29/9/18,70592,2018,9,39,29,5,272
30/9/18,67478,2018,9,39,30,6,273
1/10/18,72886,2018,10,40,1,0,274
2/10/18,74812,2018,10,40,2,1,275
3/10/18,78474,2018,10,40,3,2,276
4/10/18,72254,2018,10,40,4,3,277
5/10/18,76109,2018,10,40,5,4,278
6/10/18,58227,2018,10,40,6,5,279
7/10/18,61649,2018,10,40,7,6,280
8/10/18,59191,2018,10,41,8,0,281
9/10/18,75468,2018,10,41,9,1,282
10/10/18,78453,2018,10,41,10,2,283
11/10/18,47671,2018,10,41,11,3,284
12/10/18,68394,2018,10,41,12,4,285
13/10/18,55270,2018,10,41,13,5,286
14/10/18,54748,2018,10,41,14,6,287
15/10/18,59688,2018,10,42,15,0,288
16/10/18,67270,2018,10,42,16,1,289
17/10/18,68354,2018,10,42,17,2,290
18/10/18,62124,2018,10,42,18,3,291
19/10/18,65369,2018,10,42,19,4,292
20/10/18,56714,2018,10,42,20,5,293
21/10/18,39436,2018,10,42,21,6,294
22/10/18,58348,2018,10,43,22,0,295
23/10/18,68724,2018,10,43,23,1,296
24/10/18,64713,2018,10,43,24,2,297
25/10/18,62004,2018,10,43,25,3,298
26/10/18,60376,2018,10,43,26,4,299
27/10/18,13206,2018,10,43,27,5,300
28/10/18,42745,2018,10,43,28,6,301
29/10/18,60389,2018,10,44,29,0,302
30/10/18,65925,2018,10,44,30,1,303
31/10/18,68804,2018,10,44,31,2,304
1/11/18,74596,2018,11,44,1,3,305
2/11/18,64091,2018,11,44,2,4,306
3/11/18,49335,2018,11,44,3,5,307
4/11/18,51014,2018,11,44,4,6,308
5/11/18,33652,2018,11,45,5,0,309
6/11/18,40696,2018,11,45,6,1,310
7/11/18,68447,2018,11,45,7,2,311
8/11/18,64700,2018,11,45,8,3,312
9/11/18,37157,2018,11,45,9,4,313
10/11/18,38074,2018,11,45,10,5,314
11/11/18,36804,2018,11,45,11,6,315
12/11/18,51582,2018,11,46,12,0,316
13/11/18,37116,2018,11,46,13,1,317
14/11/18,49971,2018,11,46,14,2,318
15/11/18,25281,2018,11,46,15,3,319
16/11/18,34800,2018,11,46,16,4,320
17/11/18,38405,2018,11,46,17,5,321
18/11/18,34750,2018,11,46,18,6,322
19/11/18,55077,2018,11,47,19,0,323
20/11/18,52323,2018,11,47,20,1,324
21/11/18,40792,2018,11,47,21,2,325
22/11/18,8894,2018,11,47,22,3,326
23/11/18,16242,2018,11,47,23,4,327
24/11/18,20174,2018,11,47,24,5,328
25/11/18,34754,2018,11,47,25,6,329
26/11/18,29456,2018,11,48,26,0,330
27/11/18,50340,2018,11,48,27,1,331
28/11/18,48686,2018,11,48,28,2,332
29/11/18,51714,2018,11,48,29,3,333
30/11/18,46342,2018,11,48,30,4,334
1/12/18,38147,2018,12,48,1,5,335
2/12/18,18504,2018,12,48,2,6,336
3/12/18,54267,2018,12,49,3,0,337
4/12/18,49260,2018,12,49,4,1,338
5/12/18,46944,2018,12,49,5,2,339
6/12/18,46848,2018,12,49,6,3,340
7/12/18,44163,2018,12,49,7,4,341
8/12/18,30019,2018,12,49,8,5,342
9/12/18,27693,2018,12,49,9,6,343
10/12/18,43652,2018,12,50,10,0,344
11/12/18,47642,2018,12,50,11,1,345
12/12/18,48083,2018,12,50,12,2,346
13/12/18,41075,2018,12,50,13,3,347
14/12/18,45141,2018,12,50,14,4,348
15/12/18,36592,2018,12,50,15,5,349
16/12/18,9936,2018,12,50,16,6,350
17/12/18,45596,2018,12,51,17,0,351
18/12/18,41965,2018,12,51,18,1,352
19/12/18,44333,2018,12,51,19,2,353
20/12/18,34214,2018,12,51,20,3,354
21/12/18,24153,2018,12,51,21,4,355
22/12/18,25107,2018,12,51,22,5,356
23/12/18,22377,2018,12,51,23,6,357
24/12/18,19129,2018,12,52,24,0,358
25/12/18,11301,2018,12,52,25,1,359
26/12/18,25710,2018,12,52,26,2,360
27/12/18,31593,2018,12,52,27,3,361
28/12/18,12171,2018,12,52,28,4,362
29/12/18,29236,2018,12,52,29,5,363
30/12/18,22737,2018,12,52,30,6,364
31/12/18,19122,2018,12,1,31,0,365
1/1/19,22393,2019,1,1,1,1,1
2/1/19,38624,2019,1,1,2,2,2
3/1/19,42536,2019,1,1,3,3,3
4/1/19,44822,2019,1,1,4,4,4
5/1/19,17740,2019,1,1,5,5,5
6/1/19,31961,2019,1,1,6,6,6
7/1/19,37306,2019,1,2,7,0,7
8/1/19,42050,2019,1,2,8,1,8
9/1/19,45185,2019,1,2,9,2,9
10/1/19,39762,2019,1,2,10,3,10
11/1/19,33517,2019,1,2,11,4,11
12/1/19,25571,2019,1,2,12,5,12
13/1/19,23130,2019,1,2,13,6,13
14/1/19,35750,2019,1,3,14,0,14
15/1/19,39982,2019,1,3,15,1,15
16/1/19,41213,2019,1,3,16,2,16
17/1/19,39783,2019,1,3,17,3,17
18/1/19,34931,2019,1,3,18,4,18
19/1/19,24158,2019,1,3,19,5,19
20/1/19,14502,2019,1,3,20,6,20
21/1/19,10487,2019,1,4,21,0,21
22/1/19,29233,2019,1,4,22,1,22
23/1/19,42347,2019,1,4,23,2,23
24/1/19,20516,2019,1,4,24,3,24
25/1/19,39576,2019,1,4,25,4,25
26/1/19,26767,2019,1,4,26,5,26
27/1/19,30520,2019,1,4,27,6,27
28/1/19,36368,2019,1,5,28,0,28
29/1/19,31628,2019,1,5,29,1,29
30/1/19,25599,2019,1,5,30,2,30
31/1/19,19006,2019,1,5,31,3,31
1/2/19,25502,2019,2,5,1,4,32
2/2/19,22362,2019,2,5,2,5,33
3/2/19,32467,2019,2,5,3,6,34
4/2/19,47308,2019,2,6,4,0,35
5/2/19,55242,2019,2,6,5,1,36
6/2/19,40047,2019,2,6,6,2,37
7/2/19,44019,2019,2,6,7,3,38
8/2/19,37207,2019,2,6,8,4,39
9/2/19,24228,2019,2,6,9,5,40
10/2/19,24554,2019,2,6,10,6,41
11/2/19,39457,2019,2,7,11,0,42
12/2/19,16203,2019,2,7,12,1,43
13/2/19,35631,2019,2,7,13,2,44
14/2/19,42532,2019,2,7,14,3,45
15/2/19,47786,2019,2,7,15,4,46
16/2/19,31538,2019,2,7,16,5,47
17/2/19,24446,2019,2,7,17,6,48
18/2/19,26261,2019,2,8,18,0,49
19/2/19,35446,2019,2,8,19,1,50
20/2/19,20896,2019,2,8,20,2,51
21/2/19,40251,2019,2,8,21,3,52
22/2/19,42646,2019,2,8,22,4,53
23/2/19,32158,2019,2,8,23,5,54
24/2/19,24651,2019,2,8,24,6,55
25/2/19,34874,2019,2,9,25,0,56
26/2/19,38316,2019,2,9,26,1,57
27/2/19,37258,2019,2,9,27,2,58
28/2/19,39023,2019,2,9,28,3,59
1/3/19,30810,2019,3,9,1,4,60
2/3/19,18333,2019,3,9,2,5,61
3/3/19,23593,2019,3,9,3,6,62
4/3/19,28925,2019,3,10,4,0,63
5/3/19,37801,2019,3,10,5,1,64
6/3/19,33964,2019,3,10,6,2,65
7/3/19,36651,2019,3,10,7,3,66
8/3/19,41180,2019,3,10,8,4,67
9/3/19,39579,2019,3,10,9,5,68
10/3/19,19212,2019,3,10,10,6,69
11/3/19,53426,2019,3,11,11,0,70
12/3/19,48173,2019,3,11,12,1,71
13/3/19,51033,2019,3,11,13,2,72
14/3/19,58462,2019,3,11,14,3,73
15/3/19,58508,2019,3,11,15,4,74
16/3/19,42866,2019,3,11,16,5,75
17/3/19,37392,2019,3,11,17,6,76
18/3/19,47443,2019,3,12,18,0,77
19/3/19,53951,2019,3,12,19,1,78
20/3/19,56387,2019,3,12,20,2,79
21/3/19,21673,2019,3,12,21,3,80
22/3/19,36095,2019,3,12,22,4,81
23/3/19,37913,2019,3,12,23,5,82
24/3/19,51113,2019,3,12,24,6,83
25/3/19,54508,2019,3,13,25,0,84
26/3/19,56453,2019,3,13,26,1,85
27/3/19,55509,2019,3,13,27,2,86
28/3/19,59474,2019,3,13,28,3,87
29/3/19,60329,2019,3,13,29,4,88
30/3/19,67571,2019,3,13,30,5,89
31/3/19,33239,2019,3,13,31,6,90
1/4/19,52337,2019,4,14,1,0,91
2/4/19,59009,2019,4,14,2,1,92
3/4/19,69127,2019,4,14,3,2,93
4/4/19,67586,2019,4,14,4,3,94
5/4/19,35195,2019,4,14,5,4,95
6/4/19,67511,2019,4,14,6,5,96
7/4/19,65719,2019,4,14,7,6,97
8/4/19,71845,2019,4,15,8,0,98
9/4/19,60479,2019,4,15,9,1,99
10/4/19,72319,2019,4,15,10,2,100
11/4/19,63581,2019,4,15,11,3,101
12/4/19,59056,2019,4,15,12,4,102
13/4/19,72613,2019,4,15,13,5,103
14/4/19,59469,2019,4,15,14,6,104
15/4/19,46626,2019,4,16,15,0,105
16/4/19,64599,2019,4,16,16,1,106
17/4/19,66509,2019,4,16,17,2,107
18/4/19,62821,2019,4,16,18,3,108
19/4/19,66146,2019,4,16,19,4,109
20/4/19,37307,2019,4,16,20,5,110
21/4/19,52742,2019,4,16,21,6,111
22/4/19,45092,2019,4,17,22,0,112
23/4/19,76899,2019,4,17,23,1,113
24/4/19,79292,2019,4,17,24,2,114
25/4/19,62050,2019,4,17,25,3,115
26/4/19,37943,2019,4,17,26,4,116
27/4/19,57402,2019,4,17,27,5,117
28/4/19,41874,2019,4,17,28,6,118
29/4/19,62069,2019,4,18,29,0,119
30/4/19,63933,2019,4,18,30,1,120
1/5/19,62149,2019,5,18,1,2,121
2/5/19,69949,2019,5,18,2,3,122
3/5/19,63649,2019,5,18,3,4,123
4/5/19,57111,2019,5,18,4,5,124
5/5/19,16476,2019,5,18,5,6,125
6/5/19,71297,2019,5,19,6,0,126
7/5/19,74314,2019,5,19,7,1,127
8/5/19,77885,2019,5,19,8,2,128
9/5/19,68017,2019,5,19,9,3,129
10/5/19,69439,2019,5,19,10,4,130
11/5/19,70955,2019,5,19,11,5,131
12/5/19,10929,2019,5,19,12,6,132
13/5/19,22823,2019,5,20,13,0,133
14/5/19,43707,2019,5,20,14,1,134
15/5/19,75788,2019,5,20,15,2,135
16/5/19,79382,2019,5,20,16,3,136
17/5/19,73503,2019,5,20,17,4,137
18/5/19,74410,2019,5,20,18,5,138
19/5/19,71159,2019,5,20,19,6,139
20/5/19,75963,2019,5,21,20,0,140
21/5/19,80701,2019,5,21,21,1,141
22/5/19,83523,2019,5,21,22,2,142
23/5/19,57570,2019,5,21,23,3,143
24/5/19,76233,2019,5,21,24,4,144
25/5/19,60435,2019,5,21,25,5,145
26/5/19,50781,2019,5,21,26,6,146
27/5/19,67769,2019,5,22,27,0,147
28/5/19,60582,2019,5,22,28,1,148
29/5/19,56087,2019,5,22,29,2,149
30/5/19,53360,2019,5,22,30,3,150
31/5/19,84752,2019,5,22,31,4,151
1/6/19,77769,2019,6,22,1,5,152
2/6/19,68407,2019,6,22,2,6,153
3/6/19,79065,2019,6,23,3,0,154
4/6/19,84903,2019,6,23,4,1,155
5/6/19,80218,2019,6,23,5,2,156
6/6/19,82837,2019,6,23,6,3,157
7/6/19,84497,2019,6,23,7,4,158
8/6/19,79305,2019,6,23,8,5,159
9/6/19,75310,2019,6,23,9,6,160
10/6/19,37886,2019,6,24,10,0,161
11/6/19,79520,2019,6,24,11,1,162
12/6/19,86611,2019,6,24,12,2,163
13/6/19,50054,2019,6,24,13,3,164
14/6/19,82146,2019,6,24,14,4,165
15/6/19,75099,2019,6,24,15,5,166
16/6/19,56533,2019,6,24,16,6,167
17/6/19,74011,2019,6,25,17,0,168
18/6/19,37176,2019,6,25,18,1,169
19/6/19,64912,2019,6,25,19,2,170
20/6/19,61124,2019,6,25,20,3,171
21/6/19,66875,2019,6,25,21,4,172
22/6/19,77996,2019,6,25,22,5,173
23/6/19,76809,2019,6,25,23,6,174
24/6/19,81534,2019,6,26,24,0,175
25/6/19,67191,2019,6,26,25,1,176
26/6/19,84796,2019,6,26,26,2,177
27/6/19,83086,2019,6,26,27,3,178
28/6/19,80311,2019,6,26,28,4,179
29/6/19,63939,2019,6,26,29,5,180
30/6/19,64880,2019,6,26,30,6,181
1/7/19,79790,2019,7,27,1,0,182
2/7/19,79780,2019,7,27,2,1,183
3/7/19,75828,2019,7,27,3,2,184
4/7/19,53996,2019,7,27,4,3,185
5/7/19,59843,2019,7,27,5,4,186
6/7/19,51801,2019,7,27,6,5,187
7/7/19,62584,2019,7,27,7,6,188
8/7/19,69363,2019,7,28,8,0,189
9/7/19,85338,2019,7,28,9,1,190
10/7/19,85891,2019,7,28,10,2,191
11/7/19,55583,2019,7,28,11,3,192
12/7/19,82775,2019,7,28,12,4,193
13/7/19,78226,2019,7,28,13,5,194
14/7/19,69155,2019,7,28,14,6,195
15/7/19,82629,2019,7,29,15,0,196
16/7/19,86309,2019,7,29,16,1,197
17/7/19,70607,2019,7,29,17,2,198
18/7/19,62309,2019,7,29,18,3,199
19/7/19,76723,2019,7,29,19,4,200
20/7/19,51518,2019,7,29,20,5,201
21/7/19,49160,2019,7,29,21,6,202
22/7/19,53558,2019,7,30,22,0,203
23/7/19,67630,2019,7,30,23,1,204
24/7/19,89347,2019,7,30,24,2,205
25/7/19,88207,2019,7,30,25,3,206
26/7/19,84568,2019,7,30,26,4,207
27/7/19,73597,2019,7,30,27,5,208
28/7/19,68867,2019,7,30,28,6,209
29/7/19,80371,2019,7,31,29,0,210
30/7/19,82414,2019,7,31,30,1,211
31/7/19,67043,2019,7,31,31,2,212
1/8/19,89529,2019,8,31,1,3,213
2/8/19,84049,2019,8,31,2,4,214
3/8/19,78744,2019,8,31,3,5,215
4/8/19,68068,2019,8,31,4,6,216
5/8/19,84118,2019,8,32,5,0,217
6/8/19,84268,2019,8,32,6,1,218
7/8/19,53388,2019,8,32,7,2,219
8/8/19,81334,2019,8,32,8,3,220
9/8/19,81961,2019,8,32,9,4,221
10/8/19,84248,2019,8,32,10,5,222
11/8/19,74708,2019,8,32,11,6,223
12/8/19,83100,2019,8,33,12,0,224
13/8/19,76621,2019,8,33,13,1,225
14/8/19,77308,2019,8,33,14,2,226
15/8/19,86645,2019,8,33,15,3,227
16/8/19,83362,2019,8,33,16,4,228
17/8/19,79420,2019,8,33,17,5,229
18/8/19,57442,2019,8,33,18,6,230
19/8/19,75528,2019,8,34,19,0,231
20/8/19,84085,2019,8,34,20,1,232
21/8/19,74643,2019,8,34,21,2,233
22/8/19,75356,2019,8,34,22,3,234
23/8/19,65224,2019,8,34,23,4,235
24/8/19,75703,2019,8,34,24,5,236
25/8/19,73261,2019,8,34,25,6,237
26/8/19,80633,2019,8,35,26,0,238
27/8/19,84446,2019,8,35,27,1,239
28/8/19,66675,2019,8,35,28,2,240
29/8/19,85085,2019,8,35,29,3,241
30/8/19,78511,2019,8,35,30,4,242
31/8/19,65472,2019,8,35,31,5,243
1/9/19,63844,2019,9,35,1,6,244
2/9/19,38536,2019,9,36,2,0,245
3/9/19,85497,2019,9,36,3,1,246
4/9/19,86730,2019,9,36,4,2,247
5/9/19,91513,2019,9,36,5,3,248
6/9/19,56467,2019,9,36,6,4,249
7/9/19,79808,2019,9,36,7,5,250
8/9/19,73739,2019,9,36,8,6,251
9/9/19,86564,2019,9,37,9,0,252
10/9/19,89325,2019,9,37,10,1,253
11/9/19,92362,2019,9,37,11,2,254
12/9/19,71633,2019,9,37,12,3,255
13/9/19,89470,2019,9,37,13,4,256
14/9/19,76882,2019,9,37,14,5,257
15/9/19,80439,2019,9,37,15,6,258
16/9/19,83800,2019,9,38,16,0,259
17/9/19,94939,2019,9,38,17,1,260
18/9/19,92119,2019,9,38,18,2,261
19/9/19,91506,2019,9,38,19,3,262
20/9/19,92340,2019,9,38,20,4,263
21/9/19,100658,2019,9,38,21,5,264
22/9/19,77773,2019,9,38,22,6,265
23/9/19,87254,2019,9,39,23,0,266
24/9/19,94962,2019,9,39,24,1,267
25/9/19,95905,2019,9,39,25,2,268
26/9/19,86425,2019,9,39,26,3,269
27/9/19,95193,2019,9,39,27,4,270
28/9/19,83087,2019,9,39,28,5,271
29/9/19,77171,2019,9,39,29,6,272
30/9/19,78203,2019,9,40,30,0,273
1/10/19,88852,2019,10,40,1,1,274
2/10/19,81516,2019,10,40,2,2,275
3/10/19,40061,2019,10,40,3,3,276
4/10/19,85010,2019,10,40,4,4,277
5/10/19,70420,2019,10,40,5,5,278
6/10/19,61649,2019,10,40,6,6,279
7/10/19,78846,2019,10,41,7,0,280
8/10/19,82189,2019,10,41,8,1,281
9/10/19,51655,2019,10,41,9,2,282
10/10/19,86591,2019,10,41,10,3,283
11/10/19,81042,2019,10,41,11,4,284
12/10/19,72002,2019,10,41,12,5,285
13/10/19,68765,2019,10,41,13,6,286
14/10/19,79125,2019,10,42,14,0,287
15/10/19,85091,2019,10,42,15,1,288
16/10/19,45043,2019,10,42,16,2,289
17/10/19,68742,2019,10,42,17,3,290
18/10/19,75175,2019,10,42,18,4,291
19/10/19,67942,2019,10,42,19,5,292
20/10/19,29083,2019,10,42,20,6,293
21/10/19,80046,2019,10,43,21,0,294
22/10/19,56075,2019,10,43,22,1,295
23/10/19,82045,2019,10,43,23,2,296
24/10/19,85085,2019,10,43,24,3,297
25/10/19,82831,2019,10,43,25,4,298
26/10/19,69215,2019,10,43,26,5,299
27/10/19,27248,2019,10,43,27,6,300
28/10/19,78316,2019,10,44,28,0,301
29/10/19,54338,2019,10,44,29,1,302
30/10/19,70123,2019,10,44,30,2,303
31/10/19,50705,2019,10,44,31,3,304
1/11/19,72075,2019,11,44,1,4,305
2/11/19,59633,2019,11,44,2,5,306
3/11/19,53192,2019,11,44,3,6,307
4/11/19,71505,2019,11,45,4,0,308
5/11/19,75303,2019,11,45,5,1,309
6/11/19,74177,2019,11,45,6,2,310
7/11/19,57911,2019,11,45,7,3,311
8/11/19,51420,2019,11,45,8,4,312
9/11/19,38698,2019,11,45,9,5,313
10/11/19,42821,2019,11,45,10,6,314
11/11/19,66228,2019,11,46,11,0,315
12/11/19,40065,2019,11,46,12,1,316
13/11/19,44962,2019,11,46,13,2,317
14/11/19,55906,2019,11,46,14,3,318
15/11/19,60826,2019,11,46,15,4,319
16/11/19,37614,2019,11,46,16,5,320
17/11/19,32684,2019,11,46,17,6,321
18/11/19,36421,2019,11,47,18,0,322
19/11/19,58647,2019,11,47,19,1,323
20/11/19,58916,2019,11,47,20,2,324
21/11/19,63987,2019,11,47,21,3,325
22/11/19,52261,2019,11,47,22,4,326
23/11/19,40858,2019,11,47,23,5,327
24/11/19,18476,2019,11,47,24,6,328
25/11/19,59982,2019,11,48,25,0,329
26/11/19,65008,2019,11,48,26,1,330
27/11/19,52529,2019,11,48,27,2,331
28/11/19,16545,2019,11,48,28,3,332
29/11/19,23782,2019,11,48,29,4,333
30/11/19,27073,2019,11,48,30,5,334
1/12/19,10993,2019,12,48,1,6,335
2/12/19,18410,2019,12,49,2,0,336
3/12/19,40020,2019,12,49,3,1,337
4/12/19,48342,2019,12,49,4,2,338
5/12/19,50047,2019,12,49,5,3,339
6/12/19,52724,2019,12,49,6,4,340
7/12/19,35169,2019,12,49,7,5,341
8/12/19,32880,2019,12,49,8,6,342
9/12/19,15504,2019,12,50,9,0,343
10/12/19,43299,2019,12,50,10,1,344
11/12/19,38986,2019,12,50,11,2,345
12/12/19,46268,2019,12,50,12,3,346
13/12/19,33683,2019,12,50,13,4,347
14/12/19,30826,2019,12,50,14,5,348
15/12/19,34376,2019,12,50,15,6,349
16/12/19,42669,2019,12,51,16,0,350
17/12/19,19688,2019,12,51,17,1,351
18/12/19,38658,2019,12,51,18,2,352
19/12/19,30043,2019,12,51,19,3,353
20/12/19,34923,2019,12,51,20,4,354
21/12/19,24722,2019,12,51,21,5,355
22/12/19,24217,2019,12,51,22,6,356
23/12/19,38205,2019,12,52,23,0,357
24/12/19,26509,2019,12,52,24,1,358
25/12/19,13314,2019,12,52,25,2,359
26/12/19,25819,2019,12,52,26,3,360
27/12/19,32535,2019,12,52,27,4,361
28/12/19,29097,2019,12,52,28,5,362
29/12/19,18321,2019,12,52,29,6,363
30/12/19,12465,2019,12,1,30,0,364
31/12/19,32226,2019,12,1,31,1,365
1/1/20,18484,2020,1,1,1,2,1
2/1/20,42448,2020,1,1,2,3,2
3/1/20,32645,2020,1,1,3,4,3
4/1/20,30002,2020,1,1,4,5,4
5/1/20,28090,2020,1,1,5,6,5
6/1/20,43670,2020,1,2,6,0,6
7/1/20,47580,2020,1,2,7,1,7
8/1/20,43375,2020,1,2,8,2,8
9/1/20,40320,2020,1,2,9,3,9
10/1/20,51881,2020,1,2,10,4,10
11/1/20,57641,2020,1,2,11,5,11
12/1/20,54017,2020,1,2,12,6,12
13/1/20,50382,2020,1,3,13,0,13
14/1/20,45111,2020,1,3,14,1,14
15/1/20,55371,2020,1,3,15,2,15
16/1/20,46306,2020,1,3,16,3,16
17/1/20,34875,2020,1,3,17,4,17
18/1/20,13560,2020,1,3,18,5,18
19/1/20,26390,2020,1,3,19,6,19
20/1/20,24743,2020,1,4,20,0,20
21/1/20,38235,2020,1,4,21,1,21
22/1/20,44412,2020,1,4,22,2,22
23/1/20,49311,2020,1,4,23,3,23
24/1/20,52362,2020,1,4,24,4,24
25/1/20,18075,2020,1,4,25,5,25
26/1/20,36727,2020,1,4,26,6,26
27/1/20,47417,2020,1,5,27,0,27
28/1/20,49871,2020,1,5,28,1,28
29/1/20,48410,2020,1,5,29,2,29
30/1/20,46598,2020,1,5,30,3,30
31/1/20,48307,2020,1,5,31,4,31
1/2/20,36163,2020,2,5,1,5,32
2/2/20,29075,2020,2,5,2,6,33
3/2/20,54559,2020,2,6,3,0,34
4/2/20,53595,2020,2,6,4,1,35
5/2/20,51598,2020,2,6,5,2,36
6/2/20,32844,2020,2,6,6,3,37
7/2/20,33369,2020,2,6,7,4,38
8/2/20,33391,2020,2,6,8,5,39
9/2/20,33256,2020,2,6,9,6,40
10/2/20,27362,2020,2,7,10,0,41
11/2/20,38579,2020,2,7,11,1,42
12/2/20,50387,2020,2,7,12,2,43
13/2/20,38228,2020,2,7,13,3,44
14/2/20,37778,2020,2,7,14,4,45
15/2/20,22020,2020,2,7,15,5,46
16/2/20,27804,2020,2,7,16,6,47
17/2/20,41723,2020,2,8,17,0,48
18/2/20,44988,2020,2,8,18,1,49
19/2/20,50292,2020,2,8,19,2,50
20/2/20,43656,2020,2,8,20,3,51
21/2/20,39563,2020,2,8,21,4,52
22/2/20,40134,2020,2,8,22,5,53
23/2/20,47440,2020,2,8,23,6,54
24/2/20,57345,2020,2,9,24,0,55
25/2/20,40377,2020,2,9,25,1,56
26/2/20,46084,2020,2,9,26,2,57
27/2/20,44244,2020,2,9,27,3,58
28/2/20,44196,2020,2,9,28,4,59
29/2/20,29742,2020,2,9,29,5,60
1/3/20,32388,2020,3,9,1,6,61
2/3/20,57763,2020,3,10,2,0,62
3/3/20,50502,2020,3,10,3,1,63
4/3/20,59536,2020,3,10,4,2,64
5/3/20,59584,2020,3,10,5,3,65
6/3/20,34665,2020,3,10,6,4,66
7/3/20,40072,2020,3,10,7,5,67
8/3/20,47811,2020,3,10,8,6,68
9/3/20,70011,2020,3,11,9,0,69
10/3/20,65382,2020,3,11,10,1,70
11/3/20,62905,2020,3,11,11,2,71
12/3/20,52218,2020,3,11,12,3,72
13/3/20,44085,2020,3,11,13,4,73
14/3/20,44916,2020,3,11,14,5,74
15/3/20,36744,2020,3,11,15,6,75
16/3/20,29941,2020,3,12,16,0,76
17/3/20,24711,2020,3,12,17,1,77
18/3/20,30985,2020,3,12,18,2,78
19/3/20,21214,2020,3,12,19,3,79
20/3/20,31911,2020,3,12,20,4,80
21/3/20,32306,2020,3,12,21,5,81
22/3/20,20237,2020,3,12,22,6,82
23/3/20,4052,2020,3,13,23,0,83
24/3/20,21234,2020,3,13,24,1,84
25/3/20,12256,2020,3,13,25,2,85
26/3/20,22380,2020,3,13,26,3,86
27/3/20,27021,2020,3,13,27,4,87
28/3/20,9020,2020,3,13,28,5,88
29/3/20,9821,2020,3,13,29,6,89
30/3/20,15275,2020,3,14,30,0,90
31/3/20,15230,2020,3,14,31,1,91
1/4/20,20662,2020,4,14,1,2,92
2/4/20,19231,2020,4,14,2,3,93
3/4/20,11458,2020,4,14,3,4,94
4/4/20,29405,2020,4,14,4,5,95
5/4/20,26233,2020,4,14,5,6,96
6/4/20,25104,2020,4,15,6,0,97
7/4/20,23996,2020,4,15,7,1,98
8/4/20,21100,2020,4,15,8,2,99
9/4/20,14382,2020,4,15,9,3,100
10/4/20,16513,2020,4,15,10,4,101
11/4/20,33519,2020,4,15,11,5,102
12/4/20,32035,2020,4,15,12,6,103
13/4/20,7895,2020,4,16,13,0,104
14/4/20,25563,2020,4,16,14,1,105
15/4/20,22521,2020,4,16,15,2,106
16/4/20,19798,2020,4,16,16,3,107
17/4/20,19114,2020,4,16,17,4,108
18/4/20,16118,2020,4,16,18,5,109
19/4/20,47636,2020,4,16,19,6,110
20/4/20,22170,2020,4,17,20,0,111
21/4/20,17259,2020,4,17,21,1,112
22/4/20,24075,2020,4,17,22,2,113
23/4/20,19353,2020,4,17,23,3,114
24/4/20,12766,2020,4,17,24,4,115
25/4/20,59629,2020,4,17,25,5,116
26/4/20,9721,2020,4,17,26,6,117
27/4/20,18004,2020,4,18,27,0,118
28/4/20,40181,2020,4,18,28,1,119
29/4/20,21914,2020,4,18,29,2,120
30/4/20,14675,2020,4,18,30,3,121
1/5/20,25268,2020,5,18,1,4,122
2/5/20,74100,2020,5,18,2,5,123
3/5/20,64993,2020,5,18,3,6,124
4/5/20,32823,2020,5,19,4,0,125
5/5/20,35581,2020,5,19,5,1,126
6/5/20,17481,2020,5,19,6,2,127
7/5/20,44336,2020,5,19,7,3,128
8/5/20,17523,2020,5,19,8,4,129
9/5/20,28118,2020,5,19,9,5,130
10/5/20,55302,2020,5,19,10,6,131
11/5/20,23031,2020,5,20,11,0,132
12/5/20,36435,2020,5,20,12,1,133
13/5/20,41181,2020,5,20,13,2,134
14/5/20,42150,2020,5,20,14,3,135
15/5/20,53727,2020,5,20,15,4,136
16/5/20,81832,2020,5,20,16,5,137
17/5/20,64839,2020,5,20,17,6,138
18/5/20,39713,2020,5,21,18,0,139
19/5/20,41551,2020,5,21,19,1,140
20/5/20,46328,2020,5,21,20,2,141
21/5/20,49320,2020,5,21,21,3,142
22/5/20,48212,2020,5,21,22,4,143
23/5/20,23433,2020,5,21,23,5,144
24/5/20,74386,2020,5,21,24,6,145
25/5/20,69156,2020,5,22,25,0,146
26/5/20,54048,2020,5,22,26,1,147
27/5/20,56079,2020,5,22,27,2,148
28/5/20,46783,2020,5,22,28,3,149
29/5/20,54126,2020,5,22,29,4,150
30/5/20,88799,2020,5,22,30,5,151
31/5/20,82313,2020,5,22,31,6,152
1/6/20,53768,2020,6,23,1,0,153
2/6/20,47335,2020,6,23,2,1,154
3/6/20,29481,2020,6,23,3,2,155
4/6/20,40647,2020,6,23,4,3,156
5/6/20,33701,2020,6,23,5,4,157
6/6/20,57952,2020,6,23,6,5,158
7/6/20,82257,2020,6,23,7,6,159
8/6/20,61978,2020,6,24,8,0,160
9/6/20,62821,2020,6,24,9,1,161
10/6/20,64261,2020,6,24,10,2,162
11/6/20,44645,2020,6,24,11,3,163
12/6/20,73777,2020,6,24,12,4,164
13/6/20,91498,2020,6,24,13,5,165
14/6/20,81261,2020,6,24,14,6,166
15/6/20,58637,2020,6,25,15,0,167
16/6/20,66458,2020,6,25,16,1,168
17/6/20,65219,2020,6,25,17,2,169
18/6/20,63186,2020,6,25,18,3,170
19/6/20,80582,2020,6,25,19,4,171
20/6/20,82442,2020,6,25,20,5,172
21/6/20,73841,2020,6,25,21,6,173
22/6/20,60891,2020,6,26,22,0,174
23/6/20,68598,2020,6,26,23,1,175
24/6/20,67986,2020,6,26,24,2,176
25/6/20,70798,2020,6,26,25,3,177
26/6/20,75065,2020,6,26,26,4,178
27/6/20,60588,2020,6,26,27,5,179
28/6/20,70490,2020,6,26,28,6,180
29/6/20,62790,2020,6,27,29,0,181
30/6/20,66241,2020,6,27,30,1,182
1/7/20,64432,2020,7,27,1,2,183
2/7/20,74769,2020,7,27,2,3,184
3/7/20,60513,2020,7,27,3,4,185
4/7/20,72462,2020,7,27,4,5,186
5/7/20,65790,2020,7,27,5,6,187
6/7/20,46822,2020,7,28,6,0,188
7/7/20,69021,2020,7,28,7,1,189
8/7/20,64387,2020,7,28,8,2,190
9/7/20,77797,2020,7,28,9,3,191
10/7/20,23228,2020,7,28,10,4,192
11/7/20,67899,2020,7,28,11,5,193
12/7/20,85961,2020,7,28,12,6,194
13/7/20,70320,2020,7,29,13,0,195
14/7/20,78330,2020,7,29,14,1,196
15/7/20,79719,2020,7,29,15,2,197
16/7/20,80739,2020,7,29,16,3,198
17/7/20,71144,2020,7,29,17,4,199
18/7/20,81933,2020,7,29,18,5,200
19/7/20,68062,2020,7,29,19,6,201
20/7/20,59359,2020,7,30,20,0,202
21/7/20,71868,2020,7,30,21,1,203
22/7/20,52781,2020,7,30,22,2,204
23/7/20,66739,2020,7,30,23,3,205
24/7/20,67979,2020,7,30,24,4,206
25/7/20,89319,2020,7,30,25,5,207
26/7/20,74039,2020,7,30,26,6,208
27/7/20,63641,2020,7,31,27,0,209
28/7/20,71645,2020,7,31,28,1,210
29/7/20,78390,2020,7,31,29,2,211
30/7/20,73295,2020,7,31,30,3,212
31/7/20,72105,2020,7,31,31,4,213
1/8/20,90875,2020,8,31,1,5,214
2/8/20,71599,2020,8,31,2,6,215
3/8/20,68473,2020,8,32,3,0,216
4/8/20,45443,2020,8,32,4,1,217
5/8/20,83267,2020,8,32,5,2,218
6/8/20,80507,2020,8,32,6,3,219
7/8/20,60950,2020,8,32,7,4,220
8/8/20,92020,2020,8,32,8,5,221
9/8/20,84303,2020,8,32,9,6,222
10/8/20,70289,2020,8,33,10,0,223
11/8/20,76668,2020,8,33,11,1,224
12/8/20,67444,2020,8,33,12,2,225
13/8/20,63626,2020,8,33,13,3,226
14/8/20,85379,2020,8,33,14,4,227
15/8/20,94786,2020,8,33,15,5,228
16/8/20,39478,2020,8,33,16,6,229
17/8/20,71626,2020,8,34,17,0,230
18/8/20,83230,2020,8,34,18,1,231
19/8/20,72737,2020,8,34,19,2,232
20/8/20,82566,2020,8,34,20,3,233
21/8/20,86343,2020,8,34,21,4,234
22/8/20,88775,2020,8,34,22,5,235
23/8/20,83372,2020,8,34,23,6,236
24/8/20,72394,2020,8,35,24,0,237
25/8/20,73272,2020,8,35,25,1,238
26/8/20,89646,2020,8,35,26,2,239
27/8/20,70428,2020,8,35,27,3,240
28/8/20,79403,2020,8,35,28,4,241
29/8/20,72831,2020,8,35,29,5,242
30/8/20,94143,2020,8,35,30,6,243
31/8/20,76908,2020,8,36,31,0,244
1/9/20,77898,2020,9,36,1,1,245
2/9/20,71145,2020,9,36,2,2,246
3/9/20,72503,2020,9,36,3,3,247
4/9/20,86839,2020,9,36,4,4,248
5/9/20,91331,2020,9,36,5,5,249
6/9/20,84685,2020,9,36,6,6,250
7/9/20,85413,2020,9,37,7,0,251
8/9/20,80610,2020,9,37,8,1,252
9/9/20,85777,2020,9,37,9,2,253
10/9/20,53787,2020,9,37,10,3,254
11/9/20,96236,2020,9,37,11,4,255
12/9/20,103403,2020,9,37,12,5,256
13/9/20,86230,2020,9,37,13,6,257
14/9/20,80515,2020,9,38,14,0,258
15/9/20,85304,2020,9,38,15,1,259
16/9/20,88249,2020,9,38,16,2,260
17/9/20,88892,2020,9,38,17,3,261
18/9/20,90506,2020,9,38,18,4,262
19/9/20,91529,2020,9,38,19,5,263
20/9/20,78991,2020,9,38,20,6,264
21/9/20,73176,2020,9,39,21,0,265
22/9/20,83981,2020,9,39,22,1,266
23/9/20,91755,2020,9,39,23,2,267
24/9/20,88143,2020,9,39,24,3,268
25/9/20,95074,2020,9,39,25,4,269
26/9/20,100963,2020,9,39,26,5,270
27/9/20,88837,2020,9,39,27,6,271
28/9/20,79226,2020,9,40,28,0,272
29/9/20,60609,2020,9,40,29,1,273
30/9/20,87000,2020,9,40,30,2,274
1/10/20,92050,2020,10,40,1,3,275
2/10/20,83217,2020,10,40,2,4,276
3/10/20,98358,2020,10,40,3,5,277
4/10/20,83206,2020,10,40,4,6,278
5/10/20,77867,2020,10,41,5,0,279
6/10/20,88220,2020,10,41,6,1,280
7/10/20,83343,2020,10,41,7,2,281
8/10/20,86178,2020,10,41,8,3,282
9/10/20,89994,2020,10,41,9,4,283
10/10/20,96654,2020,10,41,10,5,284
11/10/20,77443,2020,10,41,11,6,285
12/10/20,16873,2020,10,42,12,0,286
13/10/20,52899,2020,10,42,13,1,287
14/10/20,89590,2020,10,42,14,2,288
15/10/20,92487,2020,10,42,15,3,289
16/10/20,31102,2020,10,42,16,4,290
17/10/20,89601,2020,10,42,17,5,291
18/10/20,77967,2020,10,42,18,6,292
19/10/20,74286,2020,10,43,19,0,293
20/10/20,77181,2020,10,43,20,1,294
21/10/20,85149,2020,10,43,21,2,295
22/10/20,84899,2020,10,43,22,3,296
23/10/20,88040,2020,10,43,23,4,297
24/10/20,91947,2020,10,43,24,5,298
25/10/20,62689,2020,10,43,25,6,299
26/10/20,51767,2020,10,44,26,0,300
27/10/20,78973,2020,10,44,27,1,301
28/10/20,63572,2020,10,44,28,2,302
29/10/20,19311,2020,10,44,29,3,303
30/10/20,39959,2020,10,44,30,4,304
31/10/20,67584,2020,10,44,31,5,305
1/11/20,32945,2020,11,44,1,6,306
2/11/20,51194,2020,11,45,2,0,307
3/11/20,62808,2020,11,45,3,1,308
4/11/20,65931,2020,11,45,4,2,309
5/11/20,75582,2020,11,45,5,3,310
6/11/20,83083,2020,11,45,6,4,311
7/11/20,99821,2020,11,45,7,5,312
8/11/20,87430,2020,11,45,8,6,313
9/11/20,76734,2020,11,46,9,0,314
10/11/20,85345,2020,11,46,10,1,315
11/11/20,46759,2020,11,46,11,2,316
12/11/20,41097,2020,11,46,12,3,317
13/11/20,49213,2020,11,46,13,4,318
14/11/20,76155,2020,11,46,14,5,319
15/11/20,51521,2020,11,46,15,6,320
16/11/20,58226,2020,11,47,16,0,321
17/11/20,55059,2020,11,47,17,1,322
18/11/20,44558,2020,11,47,18,2,323
19/11/20,52024,2020,11,47,19,3,324
20/11/20,69326,2020,11,47,20,4,325
21/11/20,76404,2020,11,47,21,5,326
22/11/20,46633,2020,11,47,22,6,327
23/11/20,43107,2020,11,48,23,0,328
24/11/20,53712,2020,11,48,24,1,329
25/11/20,57586,2020,11,48,25,2,330
26/11/20,31215,2020,11,48,26,3,331
27/11/20,53848,2020,11,48,27,4,332
28/11/20,53896,2020,11,48,28,5,333
29/11/20,53239,2020,11,48,29,6,334
30/11/20,23528,2020,11,49,30,0,335
1/12/20,53648,2020,12,49,1,1,336
2/12/20,47850,2020,12,49,2,2,337
3/12/20,53745,2020,12,49,3,3,338
4/12/20,40838,2020,12,49,4,4,339
5/12/20,32172,2020,12,49,5,5,340
6/12/20,41219,2020,12,49,6,6,341
7/12/20,42035,2020,12,50,7,0,342
8/12/20,41521,2020,12,50,8,1,343
9/12/20,37413,2020,12,50,9,2,344
10/12/20,52416,2020,12,50,10,3,345
11/12/20,60551,2020,12,50,11,4,346
12/12/20,54112,2020,12,50,12,5,347
13/12/20,61862,2020,12,50,13,6,348
14/12/20,26072,2020,12,51,14,0,349
15/12/20,45292,2020,12,51,15,1,350
16/12/20,26623,2020,12,51,16,2,351
17/12/20,182,2020,12,51,17,3,352
18/12/20,15131,2020,12,51,18,4,353
19/12/20,16909,2020,12,51,19,5,354
20/12/20,16512,2020,12,51,20,6,355
21/12/20,31675,2020,12,52,21,0,356
22/12/20,37570,2020,12,52,22,1,357
23/12/20,40873,2020,12,52,23,2,358
24/12/20,32951,2020,12,52,24,3,359
25/12/20,11983,2020,12,52,25,4,360
26/12/20,19978,2020,12,52,26,5,361
27/12/20,24040,2020,12,52,27,6,362
28/12/20,39200,2020,12,53,28,0,363
29/12/20,33593,2020,12,53,29,1,364
30/12/20,36031,2020,12,53,30,2,365
31/12/20,26626,2020,12,53,31,3,366